Time,Inj Gas Meter Volume Instantaneous,Inj Gas Meter Volume Setpoint,Inj Gas Valve Percent Open,Volume Deviation,Valve Efficiency,Predictions
10/31/2024 12:00:00 am,391.4352,375.0,27.17612,-16.43520000000001,14.403640253413565,0
10/31/2024 12:14:00 am,402.52365,375.0,27.17612,-27.523649999999975,14.811661925373478,0
10/31/2024 12:30:00 am,380.72775,375.0,26.70198,-5.7277500000000146,14.258403587148376,0
10/31/2024 12:46:00 am,382.73955,375.0,26.70198,-7.739550000000008,14.333746286325477,0
10/31/2024 1:00:00 am,384.86595,375.0,26.70198,-9.865949999999998,14.413380800457196,0
10/31/2024 1:14:00 am,384.27975,375.0,26.70198,-9.279749999999979,14.391427380506098,0
10/31/2024 1:28:00 am,383.2236,375.0,26.70198,-8.223599999999976,14.35187414870577,0
10/31/2024 1:44:00 am,378.5196,375.0,26.70198,-3.5196000000000254,14.175707503448246,0
10/31/2024 2:00:00 am,374.74245,375.0,26.70198,0.25754999999998063,14.034251754270002,0
10/31/2024 2:14:00 am,370.43145,375.0,26.70198,4.568550000000016,13.872803113176209,0
10/31/2024 2:30:00 am,364.6467,375.0,26.70198,10.35329999999999,13.656161956468415,0
10/31/2024 2:46:00 am,356.7471,375.0,26.70198,18.25290000000001,13.360318837659666,0
10/31/2024 2:58:00 am,348.91725,375.0,26.77205,26.082749999999976,13.032887644805816,0
10/31/2024 3:14:00 am,351.435,375.0,31.71132,23.564999999999998,11.082316635726094,0
10/31/2024 3:28:00 am,367.9839,375.0,31.93819,7.0160999999999945,11.521748251310344,0
10/31/2024 3:44:00 am,360.4317,375.0,31.93819,14.568300000000022,11.285285332298,0
10/31/2024 4:00:00 am,353.01495,375.0,31.93819,21.98505,11.05306341622258,0
10/31/2024 4:14:00 am,347.2278,375.0,32.27454,27.772199999999998,10.758563636053793,0
10/31/2024 4:30:00 am,387.82695,375.0,32.52163,-12.82695000000001,11.925196576802398,0
10/31/2024 4:46:00 am,391.9182,375.0,32.52163,-16.918200000000013,12.050997428173977,0
10/31/2024 4:58:00 am,391.35405,375.0,32.52163,-16.354049999999972,12.033650517009594,0
10/31/2024 5:14:00 am,385.34715,375.0,27.57308,-10.34715,13.975479353238972,0
10/31/2024 5:30:00 am,369.4662,375.0,27.57308,5.533799999999985,13.39952105476753,0
10/31/2024 5:44:00 am,364.9056,375.0,27.57308,10.094400000000007,13.23412065894682,0
10/31/2024 6:00:00 am,376.30095,375.0,27.57308,-1.3009500000000003,13.647398604944168,0
10/31/2024 6:14:00 am,403.18215,375.0,27.57308,-28.18214999999998,14.622305661063013,0
10/31/2024 6:30:00 am,372.96255,375.0,27.15914,2.0374499999999784,13.732482423050795,0
10/31/2024 6:44:00 am,381.4254,375.0,27.15914,-6.425400000000025,14.044084590276206,0
10/31/2024 6:58:00 am,395.61885,375.0,27.15914,-20.61885000000001,14.566687469968684,0
10/31/2024 7:14:00 am,403.7988,375.0,26.95109,-28.79880000000003,14.982646348386524,0
10/31/2024 7:30:00 am,380.157,375.0,26.74255,-5.156999999999982,14.215430385123936,0
10/31/2024 7:44:00 am,383.89305,375.0,26.74255,-8.893050000000017,14.355134661752652,0
10/31/2024 8:00:00 am,383.85165,375.0,26.74255,-8.851650000000006,14.353586567628529,0
10/31/2024 8:16:00 am,382.32105,375.0,26.74255,-7.321050000000014,14.29635195732944,0
10/31/2024 8:30:00 am,379.84755,375.0,26.74255,-4.8475500000000125,14.203858942449788,0
10/31/2024 8:44:00 am,375.29715,375.0,26.74255,-0.2971499999999878,14.033703205676643,0
10/31/2024 8:58:00 am,371.1993,375.0,26.74255,3.800700000000006,13.8804699325719,0
10/31/2024 9:14:00 am,362.8298999999999,375.0,26.74255,12.170100000000105,13.56750812188511,0
10/31/2024 9:30:00 am,357.57825,375.0,26.74255,17.421749999999975,13.371130138625473,0
10/31/2024 9:44:00 am,347.8146,375.0,26.87227,27.185400000000016,12.943248581809954,0
10/31/2024 10:00:00 am,350.36805,375.0,31.51879,24.631950000000018,11.116160830996105,0
10/31/2024 10:16:00 am,366.1869,375.0,31.93419,8.81310000000002,11.466919478177001,0
10/31/2024 10:28:00 am,356.53905,375.0,31.93419,18.460950000000025,11.164802938542376,0
10/31/2024 10:44:00 am,346.10175,375.0,32.21342,28.89825000000002,10.744020428746643,0
10/31/2024 10:58:00 am,381.33885,375.0,32.59013,-6.3388499999999794,11.701049765358476,0
10/31/2024 11:14:00 am,388.8678,375.0,32.59013,-13.867799999999988,11.932069024557732,0
10/31/2024 11:30:00 am,390.71444999999994,375.0,32.59013,-15.714449999999943,11.988731867982153,0
10/31/2024 11:44:00 am,390.4104,375.0,32.59013,-15.410399999999981,11.97940235911843,0
10/31/2024 12:00:00 pm,392.3283,375.0,32.59013,-17.328300000000013,12.038251446603173,0
10/31/2024 12:16:00 pm,375.55305,375.0,32.59013,-0.5530499999999847,11.523517542422338,0
10/31/2024 12:28:00 pm,378.5421,375.0,32.59013,-3.542100000000005,11.615233932717071,0
10/31/2024 12:44:00 pm,391.3623,375.0,32.59013,-16.362300000000005,12.008610579764307,0
10/31/2024 1:00:00 pm,387.04995,375.0,27.59917,-12.049950000000024,14.023965567092937,0
10/31/2024 1:14:00 pm,392.16345,375.0,27.59917,-17.16345000000001,14.209242810837134,0
10/31/2024 1:30:00 pm,373.4718,375.0,27.13345,1.5282000000000266,13.764252697591829,0
10/31/2024 1:44:00 pm,382.32855,375.0,27.13345,-7.328550000000007,14.090667021456166,0
10/31/2024 2:00:00 pm,388.60875,375.0,27.13345,-13.608749999999986,14.322122943406406,0
10/31/2024 2:14:00 pm,394.0902,375.0,27.13345,-19.09019999999998,14.524141042093415,0
10/31/2024 2:28:00 pm,397.1235,375.0,27.13345,-22.12349999999998,14.63593290350733,0
10/31/2024 2:44:00 pm,391.8903,375.0,27.13345,-16.890300000000025,14.443064025008239,0
10/31/2024 3:00:00 pm,391.26240000000007,375.0,27.13345,-16.26240000000007,14.419922855396992,0
10/31/2024 3:14:00 pm,388.7986499999999,375.0,27.13345,-13.798649999999895,14.32912168223293,0
10/31/2024 3:30:00 pm,385.16265,375.0,27.13345,-10.162649999999985,14.195117393800864,0
10/31/2024 3:46:00 pm,383.72205,375.0,27.13345,-8.722050000000024,14.14202427556235,0
10/31/2024 4:00:00 pm,377.50425,375.0,27.13345,-2.504250000000013,13.91286809717596,0
10/31/2024 4:14:00 pm,368.8425,375.0,27.13345,6.157500000000027,13.593640471948657,0
10/31/2024 4:28:00 pm,364.9485,375.0,27.13345,10.051499999999976,13.450127628396823,0
10/31/2024 4:44:00 pm,353.8239,375.0,27.13345,21.17610000000002,13.040131999383787,0
10/31/2024 5:00:00 pm,346.8498,375.0,27.25162,28.150199999999984,12.727671702573389,0
10/31/2024 5:14:00 pm,358.07565,375.0,31.97817,16.924350000000004,11.19749935737431,0
10/31/2024 5:30:00 pm,350.64765,375.0,31.97817,24.35235,10.965215969138956,0
10/31/2024 5:46:00 pm,347.7393,375.0,32.47241,27.260699999999986,10.70875838634755,0
10/31/2024 5:58:00 pm,389.4867,375.0,32.52616,-14.486699999999985,11.97456386657267,0
10/31/2024 6:14:00 pm,394.1541,375.0,32.52616,-19.154100000000028,12.118060626258794,0
10/31/2024 6:28:00 pm,389.4676500000001,375.0,32.52616,-14.467650000000106,11.973978184335877,0
10/31/2024 6:44:00 pm,393.64290000000005,375.0,32.52616,-18.642900000000054,12.102344050959582,0
10/31/2024 7:00:00 pm,380.4375,375.0,32.52616,-5.4375,11.696350969081204,0
10/31/2024 7:14:00 pm,386.4477,375.0,32.52616,-11.447699999999998,11.881131408954698,0
10/31/2024 7:30:00 pm,397.2879,375.0,32.52616,-22.28789999999998,12.214407660047279,0
10/31/2024 7:46:00 pm,394.23855,375.0,27.56656,-19.238549999999975,14.30132765882734,0
10/31/2024 7:58:00 pm,393.3465,375.0,27.56656,-18.346499999999992,14.268967811374429,0
10/31/2024 8:14:00 pm,378.3774,375.0,27.15282,-3.377400000000023,13.935099950907514,0
10/31/2024 8:30:00 pm,387.57360000000006,375.0,27.15282,-12.573600000000056,14.273782880090218,0
10/31/2024 8:44:00 pm,393.5628,375.0,27.15282,-18.56279999999998,14.4943565735137,0
10/31/2024 9:00:00 pm,395.5602,375.0,27.15282,-20.56020000000001,14.567917966561867,0
10/31/2024 9:14:00 pm,397.34055,375.0,27.15282,-22.340550000000007,14.63348571769499,0
10/31/2024 9:30:00 pm,399.0927,375.0,27.15282,-24.09269999999998,14.698014903050622,0
10/31/2024 9:44:00 pm,395.10029999999995,375.0,27.15282,-20.100299999999947,14.550980505531099,0
10/31/2024 9:58:00 pm,392.93145,375.0,27.15282,-17.931449999999984,14.471104853527239,0
10/31/2024 10:14:00 pm,389.11125,375.0,27.15282,-14.111249999999984,14.330412336393666,0
10/31/2024 10:30:00 pm,383.28765,375.0,27.15282,-8.287649999999985,14.115937454769908,0
10/31/2024 10:44:00 pm,378.117,375.0,27.15282,-3.1170000000000186,13.925509790323883,0
10/31/2024 11:00:00 pm,369.4143,375.0,27.15282,5.585699999999974,13.605001762247252,0
10/31/2024 11:16:00 pm,362.7906,375.0,27.15282,12.209400000000016,13.361060338830244,0
10/31/2024 11:30:00 pm,354.6297,375.0,27.15282,20.370299999999986,13.06050603196794,0
10/31/2024 11:44:00 pm,347.41470000000004,375.0,27.20716,27.58529999999996,12.769233257262702,0
10/31/2024 11:58:00 pm,350.05965,375.0,31.99441,24.940350000000024,10.941271946795723,0
11/01/2024 12:14:00 am,349.3515,375.0,32.12311,25.648500000000013,10.875391306946522,0
11/01/2024 12:30:00 am,356.76345,375.0,32.12311,18.236550000000022,11.106126988910168,0
11/01/2024 12:44:00 am,358.99424999999997,375.0,32.12311,16.005750000000035,11.175572298083123,0
11/01/2024 1:00:00 am,368.18475,375.0,32.12311,6.815249999999992,11.461674644306033,0
11/01/2024 1:16:00 am,356.07585,375.0,32.12311,18.924149999999997,11.08472184520059,0
11/01/2024 1:28:00 am,348.6102,375.0,32.2995,26.38979999999998,10.793049182479857,0
11/01/2024 1:44:00 am,353.4846,375.0,32.46087,21.5154,10.889556906651944,0
11/01/2024 1:58:00 am,399.1559999999999,375.0,32.54506,-24.155999999999892,12.264714747886542,0
11/01/2024 2:14:00 am,381.1647,375.0,27.44286,-6.164699999999982,13.889389120015508,0
11/01/2024 2:30:00 am,382.07295,375.0,27.44286,-7.072949999999992,13.922485148237048,0
11/01/2024 2:44:00 am,391.18815,375.0,27.44286,-16.188150000000007,14.254636996786415,0
11/01/2024 3:00:00 am,404.19825,375.0,27.44286,-29.198249999999973,14.728716420695065,0
11/01/2024 3:16:00 am,375.6963,375.0,26.96547,-0.6963000000000079,13.932490725179008,0
11/01/2024 3:28:00 am,384.588,375.0,26.96547,-9.588000000000022,14.262234530963292,0
11/01/2024 3:44:00 am,387.17805,375.0,26.96547,-12.178049999999985,14.358285111186598,0
11/01/2024 4:00:00 am,388.9983,375.0,26.96547,-13.998299999999972,14.425788081651058,0
11/01/2024 4:14:00 am,390.19409999999993,375.0,26.96547,-15.194099999999935,14.470133667192275,0
11/01/2024 4:30:00 am,389.2587,375.0,26.96547,-14.258699999999976,14.435444872481408,0
11/01/2024 4:44:00 am,386.81445,375.0,26.96547,-11.814450000000022,14.344801205096294,0
11/01/2024 5:00:00 am,383.3721,375.0,26.96547,-8.372099999999989,14.217143547973187,0
11/01/2024 5:14:00 am,378.219,375.0,26.96547,-3.218999999999994,14.026043667681792,0
11/01/2024 5:28:00 am,374.2278,375.0,26.96547,0.772199999999998,13.87803221007006,0
11/01/2024 5:44:00 am,365.93325,375.0,26.96547,9.066750000000013,13.57043338371874,0
11/01/2024 6:00:00 am,357.26445,375.0,26.96547,17.73554999999999,13.248955701882556,0
11/01/2024 6:14:00 am,347.2515,375.0,26.96547,27.74849999999998,12.877630956318969,0
11/01/2024 6:30:00 am,351.8634,375.0,32.02424,23.136599999999987,10.98740485725661,0
11/01/2024 6:46:00 am,375.60825,375.0,32.55748,-0.6082499999999982,11.536769265689706,0
11/01/2024 7:00:00 am,379.1397,375.0,32.55748,-4.139700000000005,11.645237393914579,0
11/01/2024 7:14:00 am,385.09005,375.0,32.55748,-10.09005000000002,11.828001790064283,0
11/01/2024 7:28:00 am,383.03895,375.0,32.55748,-8.03895,11.765002461799112,0
11/01/2024 7:44:00 am,393.3516,375.0,32.55748,-18.35160000000002,12.081754459572897,0
11/01/2024 8:00:00 am,385.3179,375.0,32.55748,-10.317900000000009,11.835000179682156,0
11/01/2024 8:14:00 am,374.3547,375.0,32.55748,0.6453000000000202,11.498266604704478,0
11/01/2024 8:30:00 am,382.7622,375.0,32.55748,-7.762200000000007,11.756502113645737,0
11/01/2024 8:46:00 am,390.58695,375.0,27.60731,-15.586950000000002,14.147948804882185,0
11/01/2024 8:58:00 am,397.3077,375.0,27.60731,-22.30770000000001,14.391389674912308,0
11/01/2024 9:14:00 am,377.47635,375.0,27.1532,-2.476350000000025,13.90172101199085,0
11/01/2024 9:28:00 am,388.26225,375.0,27.1532,-13.262249999999995,14.298944765646494,0
11/01/2024 9:44:00 am,395.85255,375.0,27.1532,-20.852550000000008,14.578480776306007,0
11/01/2024 10:00:00 am,398.883,375.0,27.1532,-23.88299999999998,14.690086365479441,0
11/01/2024 10:14:00 am,402.74865,375.0,27.1532,-27.748649999999998,14.83245074891698,0
11/01/2024 10:30:00 am,402.4513500000001,375.0,27.04894,-27.451350000000105,14.878631148344024,0
11/01/2024 10:46:00 am,400.42005000000006,375.0,27.04894,-25.42005000000006,14.803533963425568,0
11/01/2024 10:58:00 am,397.635,375.0,27.04894,-22.63499999999999,14.700570632131745,0
11/01/2024 11:14:00 am,391.87335,375.0,27.04894,-16.873350000000016,14.487562363788612,0
11/01/2024 11:30:00 am,370.95075,375.0,27.04894,4.049249999999972,13.714053595426071,0
11/01/2024 11:44:00 am,361.67025,375.0,27.04894,13.32974999999999,13.370953401148657,0
11/01/2024 12:00:00 pm,346.68645000000004,375.0,27.12025,28.313549999999964,12.783301118794586,0
11/01/2024 12:14:00 pm,359.5425,375.0,31.95805,15.457499999999982,11.250448243729439,0
11/01/2024 12:30:00 pm,377.31075,375.0,32.57053,-2.3107499999999845,11.584418004736795,0
11/01/2024 12:44:00 pm,377.4762,375.0,32.57053,-2.4762000000000057,11.58949774857893,0
11/01/2024 12:58:00 pm,369.5862,375.0,32.57053,5.413799999999981,11.347254297902337,0
11/01/2024 1:14:00 pm,362.6043,375.0,32.57053,12.395699999999977,11.132891870997534,0
11/01/2024 1:30:00 pm,0.0,375.0,62.10478,375.0,0.0,1
11/01/2024 1:44:00 pm,209.00475,375.0,62.10478,165.99525,3.3653563597912495,1
11/01/2024 2:00:00 pm,0.0,375.0,62.10478,375.0,0.0,1
11/01/2024 2:58:00 pm,0.0,375.0,100.0,375.0,0.0,1
11/01/2024 4:00:00 pm,0.0,375.0,100.0,375.0,0.0,1
11/01/2024 4:58:00 pm,0.0,375.0,100.0,375.0,0.0,1
11/01/2024 6:00:00 pm,0.0,375.0,100.0,375.0,0.0,1
11/01/2024 7:00:00 pm,0.0,375.0,100.0,375.0,0.0,1
11/01/2024 8:00:00 pm,0.0,375.0,100.0,375.0,0.0,1
11/01/2024 9:00:00 pm,0.0,375.0,100.0,375.0,0.0,1
11/01/2024 10:00:00 pm,0.0,375.0,100.0,375.0,0.0,1
11/01/2024 11:00:00 pm,0.0,375.0,100.0,375.0,0.0,1
11/02/2024 1:00:00 am,0.0,375.0,100.0,375.0,0.0,1
11/02/2024 2:00:00 am,0.0,375.0,100.0,375.0,0.0,1
11/02/2024 2:30:00 am,189.8046,375.0,100.0,185.1954,1.898045810195419,1
11/02/2024 2:44:00 am,189.7206,375.0,100.0,185.2794,1.897205810279419,1
11/02/2024 3:00:00 am,189.72195,375.0,100.0,185.27805,1.8972193102780688,1
11/02/2024 3:14:00 am,189.795,375.0,100.0,185.205,1.8979498102050187,1
11/02/2024 3:30:00 am,189.36825,375.0,100.0,185.63175,1.8936823106317688,1
11/02/2024 3:44:00 am,189.32475,375.0,100.0,185.67525,1.8932473106752687,1
11/02/2024 3:58:00 am,189.4581,375.0,100.0,185.5419,1.8945808105419188,1
11/02/2024 4:14:00 am,189.81885,375.0,100.0,185.18115,1.898188310181169,1
11/02/2024 4:30:00 am,189.88275,375.0,100.0,185.11725,1.8988273101172688,1
11/02/2024 4:44:00 am,190.26225,375.0,100.0,184.73775,1.9026223097377688,1
11/02/2024 5:00:00 am,190.35975,375.0,100.0,184.64025,1.903597309640269,1
11/02/2024 5:16:00 am,190.35735,375.0,100.0,184.64265,1.903573309642669,1
11/02/2024 5:30:00 am,190.43415,375.0,100.0,184.56585,1.9043413095658688,1
11/02/2024 5:44:00 am,190.40985,375.0,100.0,184.59015,1.9040983095901691,1
11/02/2024 5:58:00 am,190.2897,375.0,100.0,184.7103,1.9028968097103192,1
11/02/2024 6:14:00 am,190.15725,375.0,100.0,184.84275,1.901572309842769,1
11/02/2024 6:30:00 am,189.7155,375.0,100.0,185.2845,1.8971548102845188,1
11/02/2024 6:44:00 am,189.54015,375.0,100.0,185.45985,1.895401310459869,1
11/02/2024 7:00:00 am,189.48525,375.0,100.0,185.51475,1.894852310514769,1
11/02/2024 7:16:00 am,189.81135,375.0,100.0,185.18865,1.898113310188669,1
11/02/2024 7:30:00 am,189.9483,375.0,100.0,185.0517,1.899482810051719,1
11/02/2024 7:44:00 am,190.017,375.0,100.0,184.983,1.9001698099830189,1
11/02/2024 7:58:00 am,190.2645,375.0,100.0,184.7355,1.9026448097355189,1
11/02/2024 8:14:00 am,190.269,375.0,100.0,184.731,1.902689809731019,1
11/02/2024 8:30:00 am,189.9174,375.0,100.0,185.0826,1.8991738100826188,1
11/02/2024 8:44:00 am,190.00335,375.0,100.0,184.99665,1.900033309996669,1
11/02/2024 9:00:00 am,190.4775,375.0,100.0,184.5225,1.904774809522519,1
11/02/2024 9:14:00 am,190.695,375.0,100.0,184.305,1.906949809305019,1
11/02/2024 9:30:00 am,190.5831,375.0,100.0,184.4169,1.905830809416919,1
11/02/2024 9:44:00 am,190.3749,375.0,100.0,184.6251,1.903748809625119,1
11/02/2024 10:00:00 am,190.07475,375.0,100.0,184.92525,1.900747309925269,1
11/02/2024 10:14:00 am,189.9543,375.0,100.0,185.0457,1.8995428100457188,1
11/02/2024 10:30:00 am,0.0,375.0,0.0,375.0,0.0,1
11/02/2024 11:00:00 am,370.99365,375.0,26.58098,4.006349999999998,13.957104306498742,0
11/02/2024 11:14:00 am,367.6158,375.0,26.58098,7.384200000000021,13.83002664686304,0
11/02/2024 11:28:00 am,361.16475,375.0,26.58098,13.835249999999974,13.587332525989439,0
11/02/2024 11:44:00 am,358.27485,375.0,26.58098,16.725149999999985,13.47861197043451,0
11/02/2024 12:00:00 pm,360.97005,375.0,26.58098,14.029949999999985,13.580007742375285,0
11/02/2024 12:14:00 pm,357.29505,375.0,26.58098,17.704949999999997,13.441751040875452,0
11/02/2024 12:30:00 pm,354.73260000000005,375.0,26.58098,20.267399999999952,13.345349439580694,0
11/02/2024 12:46:00 pm,353.41515,375.0,26.58098,21.584850000000017,13.29578582287567,0
11/02/2024 1:00:00 pm,348.7866,375.0,26.58098,26.21339999999998,13.12165573968464,0
11/02/2024 1:14:00 pm,345.61440000000005,375.0,27.31102,29.385599999999954,12.65475523991589,0
11/02/2024 1:28:00 pm,382.4433,375.0,31.68171,-7.443300000000022,12.071418470966856,0
11/02/2024 1:44:00 pm,374.96295,375.0,31.68171,0.03705000000002201,11.835309130943648,0
11/02/2024 2:00:00 pm,374.79105,375.0,31.68171,0.20895000000001573,11.829883289164856,0
11/02/2024 2:14:00 pm,369.183,375.0,31.68171,5.817000000000007,11.652871119371044,0
11/02/2024 2:30:00 pm,362.8776,375.0,31.68171,12.122400000000027,11.453847834019113,0
11/02/2024 2:46:00 pm,356.68035,375.0,31.68171,18.319650000000024,11.25823818908822,0
11/02/2024 2:58:00 pm,352.58625,375.0,31.68171,22.413749999999993,11.129012250597507,0
11/02/2024 3:14:00 pm,371.9694,375.0,32.10651,3.0305999999999926,11.585478588149696,0
11/02/2024 3:28:00 pm,363.83115,375.0,32.10651,11.16885000000002,11.332002035723583,0
11/02/2024 3:44:00 pm,360.3435,375.0,32.10651,14.656499999999994,11.223374566910396,0
11/02/2024 4:00:00 pm,351.02610000000004,375.0,32.30051,23.973899999999958,10.867506157795601,0
11/02/2024 4:14:00 pm,350.4123,375.0,32.41834,24.587699999999984,10.80907263941564,0
11/02/2024 4:30:00 pm,362.0877,375.0,32.58616,12.912300000000016,11.111698613246048,0
11/02/2024 4:44:00 pm,358.461,375.0,32.58616,16.538999999999987,11.000402931673161,0
11/02/2024 4:58:00 pm,354.77549999999997,375.0,32.58616,20.224500000000035,10.887302803612696,0
11/02/2024 5:14:00 pm,353.08425,375.0,32.6464,21.915750000000003,10.81540818730145,0
11/02/2024 5:30:00 pm,347.6436,375.0,32.70596,27.356400000000008,10.629362162320824,0
11/02/2024 5:44:00 pm,376.7955,375.0,33.19822,-1.795500000000004,11.349867146531606,0
11/02/2024 6:00:00 pm,384.66315,375.0,33.19822,-9.663149999999973,11.586857190880355,0
11/02/2024 6:16:00 pm,392.3097,375.0,33.19822,-17.30970000000002,11.817187241608964,0
11/02/2024 6:30:00 pm,397.674,375.0,33.19822,-22.673999999999978,11.978771157377967,0
11/02/2024 6:44:00 pm,388.40655,375.0,33.19822,-13.406549999999982,11.699616214478903,0
11/02/2024 6:58:00 pm,388.48905,375.0,33.19822,-13.48905000000002,11.702101286725226,0
11/02/2024 7:14:00 pm,403.3266,375.0,33.19822,-28.326599999999985,12.14903927106957,0
11/02/2024 7:30:00 pm,394.91715,375.0,28.26317,-19.917149999999992,13.972849127380572,0
11/02/2024 7:44:00 pm,392.9589,375.0,28.26317,-17.95890000000003,13.90356286872178,0
11/02/2024 8:00:00 pm,386.13375,375.0,27.67957,-11.13375000000002,13.950130384926362,0
11/02/2024 8:16:00 pm,404.6205,375.0,27.67957,-29.620499999999993,14.61801443519013,0
11/02/2024 8:28:00 pm,383.31525,375.0,27.30919,-8.315249999999992,14.036121526811478,0
11/02/2024 8:44:00 pm,392.87895,375.0,27.30919,-17.878949999999975,14.386322191788846,0
11/02/2024 8:58:00 pm,398.1321,375.0,27.30919,-23.13209999999998,14.578680444685306,0
11/02/2024 9:14:00 pm,401.616,375.0,27.30919,-26.615999999999985,14.706252837871485,0
11/02/2024 9:30:00 pm,401.3682,375.0,27.03024,-26.3682,14.848852674318588,0
11/02/2024 9:44:00 pm,401.367,375.0,26.9761,-26.36700000000002,14.878609258340067,0
11/02/2024 10:00:00 pm,371.15235,375.0,26.81901,3.8476499999999874,13.83914662057003,0
11/02/2024 10:16:00 pm,368.99985,375.0,26.81901,6.000150000000019,13.758886417177063,0
11/02/2024 10:28:00 pm,364.524,375.0,26.81901,10.475999999999999,13.59199553152949,0
11/02/2024 10:44:00 pm,361.15905,375.0,26.81901,13.84095000000002,13.46652674109643,0
11/02/2024 10:58:00 pm,355.1895,375.0,26.81901,19.81049999999999,13.24394030803512,0
11/02/2024 11:14:00 pm,350.00775,375.0,26.87687,24.992250000000013,13.022633207425862,0
11/02/2024 11:30:00 pm,345.60825,375.0,27.03376,29.391750000000002,12.784315691078232,0
11/02/2024 11:44:00 pm,360.35565,375.0,31.73408,14.644349999999974,11.355474507067953,0
11/03/2024 12:00:00 am,346.1373,375.0,31.95597,28.862700000000018,10.831690969890454,0
11/03/2024 12:14:00 am,360.3273,375.0,32.21025,14.67270000000002,11.186724354289593,0
11/03/2024 12:28:00 am,356.29785000000004,375.0,32.21025,18.70214999999996,11.061626016058236,0
11/03/2024 12:44:00 am,358.11705,375.0,32.6476,16.882949999999994,10.969165889938038,0
11/03/2024 1:00:00 am,363.48015,375.0,32.6476,11.51985000000002,11.13343825168213,0
11/03/2024 1:14:00 am,356.41110000000003,375.0,32.6476,18.588899999999967,10.916912447802458,0
11/03/2024 1:30:00 am,374.74845,375.0,33.18155,0.2515500000000088,11.293876779753573,0
11/03/2024 1:46:00 am,367.557,375.0,33.18155,7.442999999999984,11.07714646327659,0
11/03/2024 2:00:00 am,371.36805,375.0,33.47378,3.6319500000000176,11.094293475581939,0
11/03/2024 2:14:00 am,358.4472,375.0,33.47378,16.55279999999999,10.708294459635434,0
11/03/2024 2:30:00 am,357.79785000000004,375.0,33.47378,17.20214999999996,10.688895700188118,0
11/03/2024 2:46:00 am,364.70955,375.0,33.47378,10.290450000000021,10.895376651403978,0
11/03/2024 2:58:00 am,384.87795000000006,375.0,33.47378,-9.877950000000055,11.497889841574558,0
11/03/2024 3:14:00 am,394.20089999999993,375.0,33.47378,-19.200899999999933,11.776404763249095,0
11/03/2024 3:34:00 am,382.65615,375.0,28.29795,-7.656150000000025,13.52239348702168,0
11/03/2024 3:44:00 am,400.2891,375.0,28.29795,-25.28910000000002,14.145510842477691,0
11/03/2024 4:00:00 am,387.22995,375.0,27.83682,-12.229949999999974,13.910705708947463,0
11/03/2024 4:14:00 am,394.37265,375.0,27.83682,-19.37265000000002,14.16729742574855,0
11/03/2024 4:30:00 am,378.4776,375.0,27.45996,-3.4775999999999954,13.782884686327042,0
11/03/2024 4:46:00 am,384.5739,375.0,27.45996,-9.57389999999998,14.00489148385814,0
11/03/2024 4:58:00 am,383.93685,375.0,27.45996,-8.936849999999993,13.981692259678361,0
11/03/2024 5:14:00 am,382.02,375.0,27.45996,-7.019999999999982,13.911887012258207,0
11/03/2024 5:30:00 am,384.67605,375.0,27.45996,-9.676049999999975,14.008611444222263,0
11/03/2024 5:44:00 am,380.78685,375.0,27.45996,-5.786850000000015,13.866979825542419,0
11/03/2024 6:00:00 am,379.73775,375.0,27.45996,-4.7377500000000055,13.828775122478286,0
11/03/2024 6:14:00 am,375.73965,375.0,27.45996,-0.7396499999999833,13.683177731075453,0
11/03/2024 6:30:00 am,370.27185,375.0,27.45996,4.728150000000028,13.484058795402907,0
11/03/2024 6:44:00 am,364.0941,375.0,27.45996,10.905899999999974,13.259085862074869,0
11/03/2024 6:58:00 am,356.13,375.0,27.45996,18.870000000000005,12.96906005359802,0
11/03/2024 7:14:00 am,348.8532,375.0,27.68689,26.146799999999985,12.599937154394318,0
11/03/2024 7:30:00 am,351.40335,375.0,32.19653,23.59665000000001,10.914320296528755,0
11/03/2024 7:44:00 am,344.31675,375.0,32.58265,30.683249999999987,10.567484361313655,0
11/03/2024 8:00:00 am,355.95675,375.0,32.82032,19.04325,10.84561764004201,0
11/03/2024 8:16:00 am,347.00775,375.0,33.10653,27.992250000000013,10.481546848447465,0
11/03/2024 8:30:00 am,397.4847,375.0,33.27002,-22.484699999999975,11.947229984463492,0
11/03/2024 8:44:00 am,393.5979,375.0,33.27002,-18.59789999999998,11.830404120465174,0
11/03/2024 8:58:00 am,388.21365,375.0,33.27002,-13.213649999999973,11.668569279919492,0
11/03/2024 9:14:00 am,384.06255,375.0,33.27002,-9.062549999999987,11.543799329306283,0
11/03/2024 9:30:00 am,391.38405,375.0,33.27002,-16.384050000000002,11.763862250800493,0
11/03/2024 9:44:00 am,384.82125,375.0,33.27002,-9.82125000000002,11.566603636966963,0
11/03/2024 10:00:00 am,397.47015,375.0,33.27002,-22.47014999999999,11.946792653929075,0
11/03/2024 10:16:00 am,388.36635,375.0,33.27002,-13.366350000000011,11.673158996249777,0
11/03/2024 10:28:00 am,376.1049,375.0,33.27002,-1.1048999999999864,11.304615595477369,0
11/03/2024 10:44:00 am,377.0049,375.0,33.27002,-2.0049000000000206,11.331666968740333,0
11/03/2024 10:58:00 am,405.57195,375.0,32.31821,-30.571950000000015,12.549328211764138,0
11/03/2024 11:14:00 am,385.12185,375.0,28.2557,-10.121849999999995,13.62987693460897,0
11/03/2024 11:30:00 am,394.5762,375.0,28.2557,-19.57619999999997,13.964476560666851,0
11/03/2024 11:44:00 am,381.95505,375.0,27.89715,-6.955050000000028,13.6915388519835,0
11/03/2024 12:00:00 pm,387.0891,375.0,27.89715,-12.089099999999974,13.875573714313571,0
11/03/2024 12:16:00 pm,397.7859,375.0,27.89715,-22.785900000000026,14.259010594626838,0
11/03/2024 12:28:00 pm,398.67885,375.0,27.83299,-23.67885000000001,14.323962562425898,0
11/03/2024 12:44:00 pm,379.88925,375.0,27.43497,-4.889250000000004,13.846893637247048,0
11/03/2024 1:00:00 pm,379.72875,375.0,27.43497,-4.728749999999991,13.84104344162088,0
11/03/2024 1:14:00 pm,385.1062500000001,375.0,27.43497,-10.106250000000102,14.037052332460243,0
11/03/2024 1:30:00 pm,382.65795,375.0,27.43497,-7.657950000000028,13.947812245534717,0
11/03/2024 1:44:00 pm,381.70995,375.0,27.43497,-6.709949999999992,13.913257819032491,0
11/03/2024 2:00:00 pm,378.1797,375.0,27.43497,-3.1797000000000253,13.78458085261954,0
11/03/2024 2:14:00 pm,373.35555,375.0,27.43497,1.6444500000000062,13.60874146800909,0
11/03/2024 2:28:00 pm,367.73925,375.0,27.43497,7.260749999999973,13.404028360873601,0
11/03/2024 2:44:00 pm,362.93715,375.0,27.43497,12.062850000000026,13.22899269472768,0
11/03/2024 3:00:00 pm,351.8376,375.0,27.43497,23.16239999999999,12.824416128606618,0
11/03/2024 3:14:00 pm,346.21455,375.0,27.67237,28.785450000000026,12.511195278469,0
11/03/2024 3:30:00 pm,355.527,375.0,32.19773,19.473000000000013,11.04198617666954,0
11/03/2024 3:46:00 pm,345.54495000000003,375.0,32.4968,29.45504999999997,10.6331959967763,0
11/03/2024 4:00:00 pm,362.18445,375.0,32.56041,12.815549999999973,11.123457559822631,0
11/03/2024 4:14:00 pm,353.5161,375.0,32.56041,21.483900000000006,10.857234028307989,0
11/03/2024 4:28:00 pm,354.30315,375.0,32.56041,20.696849999999984,10.88140601380449,0
11/03/2024 4:44:00 pm,350.1714,375.0,32.56041,24.828599999999994,10.754511151883175,0
11/03/2024 5:00:00 pm,379.5012,375.0,33.19607,-4.501199999999983,11.43210885140655,0
11/03/2024 5:14:00 pm,384.18165,375.0,33.19607,-9.18164999999999,11.573102908536187,0
11/03/2024 5:30:00 pm,387.64125,375.0,33.19607,-12.641250000000014,11.677320032967748,0
11/03/2024 5:46:00 pm,397.2132,375.0,33.19607,-22.213199999999972,11.965665825603503,0
11/03/2024 5:58:00 pm,382.596,375.0,33.19607,-7.596000000000004,11.525336726505056,0
11/03/2024 6:14:00 pm,373.72005,375.0,33.19607,1.2799499999999853,11.25795726483368,0
11/03/2024 6:28:00 pm,387.81435,375.0,33.19607,-12.81434999999999,11.682534504073974,0
11/03/2024 6:44:00 pm,383.1276,375.0,28.22479,-8.127599999999973,13.574147558175788,0
11/03/2024 7:00:00 pm,387.67455,375.0,28.22479,-12.67455000000001,13.735245245316177,0
11/03/2024 7:14:00 pm,393.1491,375.0,28.22479,-18.149099999999976,13.929207647175534,0
11/03/2024 7:30:00 pm,385.7190000000001,375.0,27.88308,-10.719000000000108,13.83343811607681,0
11/03/2024 7:46:00 pm,391.36485,375.0,27.88308,-16.36484999999999,14.035921054660728,0
11/03/2024 7:58:00 pm,395.91675,375.0,27.88308,-20.91674999999998,14.199170536694462,0
11/03/2024 8:14:00 pm,402.88965,375.0,27.54287,-27.889650000000017,14.627724115996585,0
11/03/2024 8:30:00 pm,384.9342,375.0,27.47806,-9.934199999999976,14.008778636927557,0
11/03/2024 8:44:00 pm,380.5095,375.0,27.47806,-5.509500000000003,13.847752043720684,0
11/03/2024 9:00:00 pm,387.57630000000006,375.0,27.47806,-12.57630000000006,14.10493167824378,0
11/03/2024 9:14:00 pm,384.9192,375.0,27.47806,-9.91919999999999,14.008232747059747,0
11/03/2024 9:30:00 pm,384.5916,375.0,27.47806,-9.591600000000028,13.996310512346756,0
11/03/2024 9:44:00 pm,382.26075,375.0,27.47806,-7.260749999999973,13.911484685787611,0
11/03/2024 9:58:00 pm,377.5857,375.0,27.47806,-2.5856999999999744,13.741347190686973,0
11/03/2024 10:14:00 pm,375.12795,375.0,27.47806,-0.12794999999999845,13.65190313584615,0
11/03/2024 10:30:00 pm,367.4013,375.0,27.47806,7.598700000000008,13.370709806038052,0
11/03/2024 10:44:00 pm,358.33004999999997,375.0,27.47806,16.66995000000003,13.04058290847938,0
11/03/2024 11:00:00 pm,349.25685,375.0,27.47806,25.743150000000014,12.710385045237894,0
11/03/2024 11:16:00 pm,358.4388,375.0,32.18736,16.561199999999985,11.1360076949437,0
11/03/2024 11:30:00 pm,351.84915,375.0,32.18736,23.15084999999999,10.931279877790574,0
11/03/2024 11:44:00 pm,364.6185,375.0,32.614,10.381500000000017,11.17981198877415,0
11/03/2024 11:58:00 pm,359.8542,375.0,32.614,15.145800000000008,11.033730596145643,0
11/04/2024 12:14:00 am,353.76555,375.0,32.614,21.23444999999998,10.847042421339786,0
11/04/2024 12:30:00 am,355.7469,375.0,32.67649,19.253100000000018,10.886934035162882,0
11/04/2024 12:44:00 am,361.5339,375.0,32.67649,13.466099999999983,11.064033785748167,0
11/04/2024 1:00:00 am,363.8778,375.0,32.67649,11.12220000000002,11.13576423423561,0
11/04/2024 1:16:00 am,374.04135,375.0,32.67649,0.9586499999999774,11.446799687849065,0
11/04/2024 1:28:00 am,362.9865,375.0,32.67649,12.013500000000022,11.108487751136135,0
11/04/2024 1:44:00 am,355.21844999999996,375.0,32.67649,19.78155000000004,10.87076186250057,0
11/04/2024 1:58:00 am,355.3854,375.0,32.67649,19.614599999999996,10.875871038819946,0
11/04/2024 2:14:00 am,382.5234,375.0,32.67649,-7.523399999999981,11.706376141875658,0
11/04/2024 2:30:00 am,385.8279,375.0,32.67649,-10.8279,11.807503863632885,0
11/04/2024 2:44:00 am,403.00065,375.0,32.61195,-28.000650000000007,12.357449536918356,0
11/04/2024 3:00:00 am,398.59275,375.0,27.87505,-23.592750000000024,14.299260701142886,0
11/04/2024 3:16:00 am,378.7665,375.0,27.4878,-3.7665000000000077,13.779435320602115,0
11/04/2024 3:28:00 am,385.8828,375.0,27.4878,-10.882799999999975,14.038324624624515,0
11/04/2024 3:44:00 am,391.70535000000007,375.0,27.4878,-16.705350000000067,14.250147610886428,0
11/04/2024 4:00:00 am,393.45089999999993,375.0,27.4878,-18.450899999999933,14.313650305353535,0
11/04/2024 4:14:00 am,393.84045,375.0,27.4878,-18.840449999999976,14.327822041843275,0
11/04/2024 4:30:00 am,394.5726,375.0,27.4878,-19.572600000000023,14.35445748497243,0
11/04/2024 4:44:00 am,392.9289,375.0,27.4878,-17.9289,14.294660069317999,0
11/04/2024 5:00:00 am,390.9705,375.0,27.4878,-15.970500000000015,14.223413942398468,0
11/04/2024 5:14:00 am,385.4052,375.0,27.4878,-10.40519999999998,14.020949650044875,0
11/04/2024 5:28:00 am,378.3135,375.0,27.4878,-3.3134999999999764,13.76295528818047,0
11/04/2024 5:44:00 am,374.49375,375.0,27.4878,0.5062500000000227,13.623993690293988,0
11/04/2024 6:00:00 am,372.0276,375.0,27.4878,2.9723999999999933,13.534275738954832,0
11/04/2024 6:14:00 am,364.63575,375.0,27.4878,10.364250000000027,13.265361991369993,0
11/04/2024 6:30:00 am,356.90954999999997,375.0,27.4878,18.090450000000033,12.984284670186529,0
11/04/2024 6:46:00 am,351.2247,375.0,27.4878,23.775300000000016,12.77747117722365,0
11/04/2024 7:00:00 am,345.82875,375.0,27.55957,29.171249999999986,12.54840422096418,0
11/04/2024 7:14:00 am,358.6029,375.0,32.18746,16.397100000000023,11.14107135478495,0
11/04/2024 7:28:00 am,349.8981,375.0,32.24593,25.1019,10.850919526613271,0
11/04/2024 7:44:00 am,360.84855,375.0,32.66296,14.151450000000011,11.047634370052691,0
11/04/2024 8:00:00 am,365.0577,375.0,32.66296,9.942299999999989,11.176500483575131,0
11/04/2024 8:14:00 am,367.09605,375.0,32.66296,7.903950000000009,11.238906014976592,0
11/04/2024 8:30:00 am,371.2632,375.0,32.66296,3.7368000000000166,11.366486268701223,0
11/04/2024 8:46:00 am,368.5485,375.0,32.66296,6.45150000000001,11.283373802198636,0
11/04/2024 8:58:00 am,365.6037,375.0,32.66296,9.396299999999997,11.19321666094663,0
11/04/2024 9:14:00 am,379.35705,375.0,32.66296,-4.357050000000015,11.614285228808036,0
11/04/2024 9:28:00 am,394.6158,375.0,32.66296,-19.61579999999998,12.081442685708003,0
11/04/2024 9:44:00 am,398.61825,375.0,32.66296,-23.61824999999999,12.20398053208266,0
11/04/2024 10:00:00 am,401.1348,375.0,27.85159,-26.134799999999984,14.402576512659953,0
11/04/2024 10:14:00 am,381.76275,375.0,27.42034,-6.762749999999983,13.922606750096188,0
11/04/2024 10:30:00 am,384.5544,375.0,27.42034,-9.554399999999987,14.024416172660086,0
11/04/2024 10:46:00 am,393.37605,375.0,27.42034,-18.37605000000002,14.346135260855533,0
11/04/2024 10:58:00 am,396.19185,375.0,27.42034,-21.191849999999988,14.448825416159895,0
11/04/2024 11:14:00 am,402.77699999999993,375.0,27.36563,-27.77699999999993,14.718347533622453,0
11/04/2024 11:30:00 am,363.79995,375.0,26.8743,11.200049999999976,13.537089882493728,0
11/04/2024 11:44:00 am,361.38075,375.0,26.8743,13.619250000000022,13.447070827120768,0
11/04/2024 12:00:00 pm,358.0449,375.0,26.8743,16.955100000000016,13.322942989047904,0
11/04/2024 12:14:00 pm,350.77365,375.0,26.94158,24.226350000000025,13.019782796783709,0
11/04/2024 12:30:00 pm,349.1085,375.0,26.94158,25.891500000000008,12.95797686773498,0
11/04/2024 12:44:00 pm,344.784,375.0,28.38564,30.216000000000008,12.14641905328925,0
11/04/2024 12:58:00 pm,364.3263,375.0,31.72932,10.673699999999997,11.482319355624591,0
11/04/2024 1:14:00 pm,357.79485,375.0,31.72932,17.205150000000003,11.276470382450558,0
11/04/2024 1:30:00 pm,351.0858,375.0,31.72932,23.914199999999994,11.065024064485446,0
11/04/2024 1:44:00 pm,366.19845,375.0,32.18852,8.80155000000002,11.37667516969554,0
11/04/2024 2:00:00 pm,358.80674999999997,375.0,32.18852,16.193250000000035,11.147037469558255,0
11/04/2024 2:16:00 pm,348.51585,375.0,32.26306,26.48415,10.802315154757434,0
11/04/2024 2:30:00 pm,366.8178,375.0,32.63215,8.182200000000023,11.24099048300817,0
11/04/2024 2:44:00 pm,369.18015,375.0,32.63215,5.819849999999974,11.313383790714434,0
11/04/2024 2:58:00 pm,374.8485,375.0,32.63215,0.15149999999999864,11.487088197655318,0
11/04/2024 3:14:00 pm,369.98805,375.0,32.63215,5.011950000000013,11.338141575672585,0
11/04/2024 3:30:00 pm,377.4387,375.0,32.63215,-2.438699999999983,11.566463881030245,0
11/04/2024 3:44:00 pm,370.28805,375.0,32.69813,4.711950000000002,11.324437720310696,0
11/04/2024 4:00:00 pm,363.55695,375.0,32.69813,11.443050000000028,11.118581974387533,0
11/04/2024 4:16:00 pm,375.0693,375.0,32.69813,-0.06929999999999836,11.4706616339645,0
11/04/2024 4:28:00 pm,396.9405,375.0,32.69813,-21.940499999999986,12.139543717165562,0
11/04/2024 4:44:00 pm,400.5504,375.0,32.69813,-25.550400000000025,12.249944492255523,0
11/04/2024 4:58:00 pm,394.9038000000001,375.0,27.8731,-19.903800000000103,14.167913088995096,0
11/04/2024 6:00:00 pm,394.6722,375.0,27.48857,-19.672199999999975,14.357678716034076,0
11/04/2024 6:16:00 pm,396.49425,375.0,27.48857,-21.494250000000022,14.42396260556202,0
11/04/2024 6:28:00 pm,397.8012,375.0,27.48857,-22.801199999999994,14.471507804331836,0
11/04/2024 6:44:00 pm,395.3196,375.0,27.48857,-20.31959999999998,14.381230314552443,0
11/04/2024 7:00:00 pm,391.5012,375.0,27.48857,-16.501199999999983,14.242321720510844,0
11/04/2024 7:14:00 pm,388.75185,375.0,27.48857,-13.75184999999999,14.142303822169062,0
11/04/2024 7:30:00 pm,382.6689,375.0,27.48857,-7.668900000000008,13.921013744616856,0
11/04/2024 7:44:00 pm,379.05705,375.0,27.48857,-4.057050000000004,13.789619180037674,0
11/04/2024 8:00:00 pm,367.5702,375.0,27.48857,7.4298,13.371742010682254,0
11/04/2024 8:14:00 pm,360.7341,375.0,27.48857,14.265899999999988,13.123053282490403,0
11/04/2024 8:28:00 pm,354.57599999999996,375.0,27.48857,20.424000000000035,12.899029342366902,0
11/04/2024 8:44:00 pm,346.6209,375.0,27.75829,28.379099999999994,12.487108360382301,0
11/04/2024 9:00:00 pm,356.1237,375.0,32.20813,18.876300000000015,11.056947094740647,0
11/04/2024 9:14:00 pm,347.5575,375.0,32.50585,27.442499999999995,10.692149046356564,0
11/04/2024 9:30:00 pm,367.26825,375.0,32.67054,7.731749999999977,11.241569242023779,0
11/04/2024 9:46:00 pm,377.0094,375.0,32.67054,-2.009400000000028,11.539732266521376,0
11/04/2024 10:00:00 pm,358.9806,375.0,33.23566,16.01940000000002,10.801064037523538,0
11/04/2024 10:14:00 pm,370.4517,375.0,33.72843,4.548299999999983,10.98336300166862,0
11/04/2024 10:28:00 pm,362.9916,375.0,33.72843,12.008399999999995,10.762181707781325,0
11/04/2024 10:44:00 pm,366.38685,375.0,34.06752,8.613150000000019,10.75472304566841,0
11/04/2024 11:00:00 pm,360.14700000000005,375.0,34.06752,14.852999999999952,10.571561836153077,0
11/04/2024 11:14:00 pm,389.1831,375.0,34.06752,-14.183100000000024,11.423871939057513,0
11/04/2024 11:30:00 pm,392.71755,375.0,29.34142,-17.717550000000017,13.384403895788312,0
11/04/2024 11:46:00 pm,403.12575,375.0,29.18517,-28.125749999999982,13.812686781441814,0
11/04/2024 11:58:00 pm,398.5665,375.0,28.93301,-23.56650000000002,13.775489043314526,0
11/05/2024 12:14:00 am,373.5855,375.0,28.31343,1.4144999999999754,13.194634774156727,0
11/05/2024 12:28:00 am,355.4733,375.0,28.31343,19.526700000000005,12.554931509558712,0
11/05/2024 12:44:00 am,346.50570000000005,375.0,29.29329,28.494299999999953,11.82883799367091,0
11/05/2024 1:00:00 am,372.0894,375.0,33.23631,2.910599999999988,11.195264698378159,0
11/05/2024 1:14:00 am,380.4825,375.0,28.28544,-5.482500000000016,13.451527198612714,0
11/05/2024 1:30:00 am,386.8054499999999,375.0,28.28544,-11.805449999999894,13.675067923614433,0
11/05/2024 1:46:00 am,397.49535,375.0,28.28544,-22.495349999999974,14.05299721234769,0
11/05/2024 1:58:00 am,397.6701000000001,375.0,28.28544,-22.670100000000105,14.059175300375285,0
11/05/2024 2:14:00 am,392.72655,375.0,28.28544,-17.726549999999975,13.88440169769263,0
11/05/2024 2:30:00 am,389.8836,375.0,28.28544,-14.883600000000001,13.783892425257509,0
11/05/2024 2:44:00 am,378.21045,375.0,28.28544,-3.2104499999999803,13.371201448094338,0
11/05/2024 3:00:00 am,370.8252,375.0,28.28544,4.174800000000005,13.110104311580688,0
11/05/2024 3:14:00 am,361.3206,375.0,28.28544,13.679399999999987,12.774079959838009,0
11/05/2024 3:30:00 am,348.5517,375.0,28.28544,26.448300000000017,12.322649984355914,0
11/05/2024 3:44:00 am,365.7462,375.0,33.20799,9.253800000000012,11.013797880028907,0
11/05/2024 3:58:00 am,372.6102,375.0,33.20799,2.3897999999999797,11.220495061430979,0
11/05/2024 4:14:00 am,373.78605,375.0,33.20799,1.2139500000000112,11.255903697904117,0
11/05/2024 4:30:00 am,367.83735,375.0,33.20799,7.162649999999985,11.076769152011561,0
11/05/2024 4:44:00 am,373.57755,375.0,33.20799,1.4224500000000262,11.249625090339675,0
11/05/2024 5:00:00 am,356.59995000000004,375.0,33.20799,18.400049999999965,10.73837478920742,0
11/05/2024 5:16:00 am,352.68044999999995,375.0,33.26963,22.31955000000005,10.600669258819751,0
11/05/2024 5:30:00 am,359.8965,375.0,33.26963,15.103499999999997,10.817565203591021,0
11/05/2024 5:44:00 am,378.9873,375.0,33.26963,-3.9873000000000047,11.391385659718589,0
11/05/2024 5:58:00 am,380.06145,375.0,33.26963,-5.061449999999979,11.423671852175135,0
11/05/2024 6:14:00 am,386.66235,375.0,33.26963,-11.662350000000004,11.622077966578537,0
11/05/2024 6:30:00 am,397.6872,375.0,33.26963,-22.68720000000002,11.953456664995473,0
11/05/2024 6:44:00 am,378.6561,375.0,28.33715,-3.656099999999981,13.36252821383653,0
11/05/2024 7:00:00 am,388.95975,375.0,28.33715,-13.959749999999985,13.726137340509775,0
11/05/2024 7:16:00 am,390.73935000000006,375.0,28.33715,-15.739350000000059,13.788938270454768,0
11/05/2024 7:28:00 am,393.7749,375.0,28.33715,-18.774900000000002,13.896060861427186,0
11/05/2024 7:44:00 am,397.30245,375.0,28.33715,-22.30245000000002,14.020545813341917,0
11/05/2024 7:58:00 am,397.40865,375.0,28.33715,-22.408650000000023,14.024293542472147,0
11/05/2024 8:14:00 am,395.63055,375.0,28.33715,-20.630550000000028,13.961545546554419,0
11/05/2024 8:30:00 am,394.31565,375.0,28.33715,-19.315650000000005,13.915143578255549,0
11/05/2024 8:44:00 am,388.9947,375.0,28.33715,-13.994700000000023,13.727370703345008,0
11/05/2024 9:00:00 am,379.30065,375.0,28.33715,-4.300650000000019,13.385273965351503,0
11/05/2024 9:16:00 am,369.5301,375.0,28.33715,5.4698999999999955,13.040477591967578,0
11/05/2024 9:28:00 am,364.8636,375.0,28.33715,10.13639999999998,12.875799833151946,0
11/05/2024 9:44:00 am,352.43085,375.0,28.33715,22.56914999999998,12.4370561481814,0
11/05/2024 10:00:00 am,368.2617,375.0,33.2774,6.738299999999981,11.066417128015672,0
11/05/2024 10:14:00 am,356.5695,375.0,33.2774,18.430499999999995,10.715061658945212,0
11/05/2024 10:44:00 am,354.6891,375.0,33.64567,20.310900000000004,10.541891262117453,0
11/05/2024 11:00:00 am,364.33365,375.0,34.10104,10.666350000000023,10.683942283302127,0
11/05/2024 11:14:00 am,377.4,375.0,34.10104,-2.3999999999999773,11.067107904302066,0
11/05/2024 11:28:00 am,387.46755,375.0,34.10104,-12.467550000000017,11.362334884116471,0
11/05/2024 11:44:00 am,382.16325,375.0,34.10104,-7.163250000000005,11.20678835402429,0
11/05/2024 12:00:00 pm,392.70735,375.0,34.10104,-17.70735000000002,11.515989976848221,0
11/05/2024 12:14:00 pm,374.3976,375.0,34.10104,0.6023999999999887,10.97906369451967,0
11/05/2024 12:30:00 pm,376.33245,375.0,34.10104,-1.3324499999999944,11.035802416641129,0
11/05/2024 12:46:00 pm,386.45055,375.0,34.10104,-11.450550000000021,11.33251175550313,0
11/05/2024 1:00:00 pm,379.7778,375.0,29.17831,-4.777800000000013,13.015752791798842,0
11/05/2024 1:14:00 pm,384.69345,375.0,29.17831,-9.693449999999984,13.184222052537637,0
11/05/2024 1:28:00 pm,373.2009,375.0,28.7576,1.79910000000001,12.977465790794158,0
11/05/2024 1:44:00 pm,402.97455,375.0,28.7576,-27.974550000000022,14.012796960526275,0
11/05/2024 2:00:00 pm,395.6109,375.0,28.14472,-20.610900000000015,14.056304679419558,0
11/05/2024 2:14:00 pm,380.20635,375.0,27.76317,-5.206349999999986,13.694625399539966,0
11/05/2024 2:30:00 pm,381.18705,375.0,27.76317,-6.187049999999999,13.729949162884079,0
11/05/2024 2:46:00 pm,379.82625,375.0,27.76317,-4.826250000000016,13.68093460475349,0
11/05/2024 2:58:00 pm,379.4496,375.0,27.76317,-4.449599999999975,13.667368075270916,0
11/05/2024 3:14:00 pm,375.94815,375.0,27.76317,-0.9481499999999983,13.541249597488473,0
11/05/2024 3:28:00 pm,372.66795,375.0,27.76317,2.332049999999981,13.42310030767369,0
11/05/2024 3:44:00 pm,364.87845,375.0,27.76317,10.121550000000013,13.14253086281903,0
11/05/2024 4:00:00 pm,361.032,375.0,27.76317,13.968000000000018,13.003985854646334,0
11/05/2024 4:14:00 pm,359.14725,375.0,27.76317,15.852750000000015,12.936099178840465,0
11/05/2024 4:30:00 pm,359.52750000000003,375.0,27.76317,15.472499999999968,12.949795376466243,0
11/05/2024 4:44:00 pm,348.39795,375.0,27.82132,26.60205000000002,12.52269212147658,0
11/05/2024 4:58:00 pm,369.68385,375.0,32.6316,5.316149999999993,11.329010428844914,0
11/05/2024 5:14:00 pm,353.20455,375.0,32.6316,21.795450000000017,10.824000102967643,0
11/05/2024 5:30:00 pm,359.43989999999997,375.0,32.6316,15.560100000000034,11.015083227582089,0
11/05/2024 5:44:00 pm,359.72535,375.0,32.6316,15.274650000000008,11.023830880548033,0
11/05/2024 6:00:00 pm,366.1817999999999,375.0,32.6316,8.818200000000104,11.22168964387598,0
11/05/2024 6:14:00 pm,368.8545,375.0,32.6316,6.145500000000027,11.30359488851454,0
11/05/2024 6:30:00 pm,354.92535,375.0,32.6316,20.07465000000002,10.87673424633354,0
11/05/2024 6:44:00 pm,357.60945,375.0,32.6316,17.39055000000002,10.958988845478356,0
11/05/2024 6:58:00 pm,371.47275,375.0,32.6316,3.527249999999981,11.383831505708729,0
11/05/2024 7:14:00 pm,384.0036,375.0,32.6316,-9.003600000000006,11.76784105963512,0
11/05/2024 7:30:00 pm,390.21449999999993,375.0,32.6316,-15.21449999999993,11.958174910769033,0
11/05/2024 7:44:00 pm,402.97170000000006,375.0,32.57409,-27.971700000000055,12.37092352513193,0
11/05/2024 8:00:00 pm,393.15315,375.0,27.82803,-18.153149999999982,14.127949722653842,0
11/05/2024 8:16:00 pm,397.95015,375.0,27.82803,-22.950150000000008,14.300329811226376,0
11/05/2024 8:28:00 pm,377.62215,375.0,27.49133,-2.6221499999999764,13.736040149370673,0
11/05/2024 8:44:00 pm,379.4595000000001,375.0,27.49133,-4.459500000000105,13.802873923206366,0
11/05/2024 8:58:00 pm,381.0297,375.0,27.49133,-6.029699999999991,13.859990091425153,0
11/05/2024 9:14:00 pm,383.7558,375.0,27.49133,-8.755800000000022,13.959152227574211,0
11/05/2024 9:30:00 pm,383.19975,375.0,27.49133,-8.199749999999995,13.938925858106588,0
11/05/2024 9:44:00 pm,382.5846,375.0,27.49133,-7.584600000000023,13.916549720748424,0
11/05/2024 10:00:00 pm,376.9119,375.0,27.49133,-1.9119000000000028,13.710204740838387,0
11/05/2024 10:16:00 pm,371.898,375.0,27.49133,3.1019999999999754,13.527823671017856,0
11/05/2024 10:28:00 pm,364.75965,375.0,27.49133,10.240349999999978,13.268165538675088,0
11/05/2024 10:44:00 pm,360.2985,375.0,27.49133,14.70150000000001,13.105890800521182,0
11/05/2024 10:58:00 pm,352.50225,375.0,27.49133,22.497749999999996,12.822301495671,0
11/05/2024 11:14:00 pm,357.14415,375.0,32.24046,17.855849999999975,11.07751065663745,0
11/05/2024 11:30:00 pm,346.52265,375.0,32.43583,28.47735,10.683325913557347,0
11/05/2024 11:44:00 pm,360.7296,375.0,32.65207,14.270399999999995,11.047675982663277,0
11/06/2024 12:00:00 am,353.69385,375.0,32.65207,21.306150000000002,10.832199663849897,0
11/06/2024 12:14:00 am,366.2367,375.0,32.65207,8.763300000000015,11.21633598839645,0
11/06/2024 12:28:00 am,370.47795,375.0,32.65207,4.522049999999979,11.346228172906594,0
11/06/2024 12:44:00 am,373.8363,375.0,32.65207,1.1637000000000057,11.449080732376006,0
11/06/2024 1:00:00 am,367.72185,375.0,32.65207,7.278149999999982,11.261820073943221,0
11/06/2024 1:14:00 am,356.4489,375.0,32.65207,18.55110000000002,10.916575605596947,0
11/06/2024 1:30:00 am,362.4831,375.0,33.02192,12.516900000000021,10.977041620523087,0
11/06/2024 1:46:00 am,379.39755,375.0,33.02192,-4.397550000000024,11.48926031882449,0
11/06/2024 2:00:00 am,385.21125,375.0,33.02192,-10.211250000000007,11.665316049061941,0
11/06/2024 2:14:00 am,396.2772,375.0,33.02192,-21.277199999999993,12.000425171999334,0
11/06/2024 2:28:00 am,403.0542,375.0,32.91187,-28.05419999999998,12.246465410058615,0
11/06/2024 2:44:00 am,398.9016,375.0,27.83198,-23.901599999999974,14.332485747515717,0
11/06/2024 3:00:00 am,379.2612,375.0,27.48874,-4.261199999999974,13.796960574780591,0
11/06/2024 3:14:00 am,385.85655,375.0,27.48874,-10.856550000000027,14.036889636669548,0
11/06/2024 3:30:00 am,384.9445500000001,375.0,27.48874,-9.944550000000106,14.003712427811381,0
11/06/2024 3:46:00 am,382.7307,375.0,27.48874,-7.730700000000013,13.923175844663726,0
11/06/2024 3:58:00 am,382.34655,375.0,27.48874,-7.346549999999979,13.909201036787776,0
11/06/2024 4:14:00 am,379.92585,375.0,27.48874,-4.925850000000025,13.821139557091538,0
11/06/2024 4:28:00 am,375.41235,375.0,27.48874,-0.41235000000000355,13.656945113910236,0
11/06/2024 4:44:00 am,368.4543,375.0,27.48874,6.545700000000011,13.403821563366831,0
11/06/2024 5:00:00 am,362.8125,375.0,27.48874,12.1875,13.198581237779091,0
11/06/2024 5:14:00 am,352.4268,375.0,27.48874,22.573199999999986,12.820764858351144,0
11/06/2024 5:30:00 am,347.7396,375.0,27.48874,27.260400000000004,12.650251466509026,0
11/06/2024 5:46:00 am,355.25505,375.0,32.18393,19.744950000000017,11.038270951288126,0
11/06/2024 5:58:00 am,345.58095000000003,375.0,32.35051,29.41904999999997,10.682392431404503,0
11/06/2024 6:14:00 am,360.47055,375.0,32.60153,14.529449999999997,11.056856516594001,0
11/06/2024 6:28:00 am,358.9224,375.0,32.60153,16.077600000000018,11.009369496042211,0
11/06/2024 6:44:00 am,365.14485,375.0,32.60153,9.85514999999998,11.200233179168837,0
11/06/2024 7:00:00 am,368.17695,375.0,32.60153,6.823050000000023,11.293237988144117,0
11/06/2024 7:14:00 am,368.57715,375.0,32.60153,6.422849999999983,11.305513481878464,0
11/06/2024 7:30:00 am,366.27885,375.0,32.60153,8.721150000000023,11.235016812089244,0
11/06/2024 7:44:00 am,363.6489,375.0,32.60153,11.351099999999974,11.154347309973701,0
11/06/2024 7:58:00 am,360.89655,375.0,32.60153,14.10345000000001,11.069923383987382,0
11/06/2024 8:14:00 am,375.03225,375.0,32.60153,-0.03224999999997635,11.503513330965346,0
11/06/2024 8:30:00 am,382.4337,375.0,32.60153,-7.4336999999999875,11.730540949906047,0
11/06/2024 8:44:00 am,385.02405,375.0,32.60153,-10.024049999999988,11.809995785475165,0
11/06/2024 9:00:00 am,393.2505,375.0,32.60153,-18.250499999999988,12.062328957466427,0
11/06/2024 9:16:00 am,397.36545,375.0,32.60153,-22.36545000000001,12.188548455072981,0
11/06/2024 9:30:00 am,400.68375,375.0,32.60153,-25.683749999999975,12.290331990451984,0
11/06/2024 9:44:00 am,388.1410499999999,375.0,27.85146,-13.141049999999893,13.936106424544194,0
11/06/2024 9:58:00 am,391.73445,375.0,27.85146,-16.73444999999998,14.065126544487597,0
11/06/2024 10:14:00 am,395.3181,375.0,27.85146,-20.318100000000015,14.193796593142123,0
11/06/2024 10:30:00 am,399.4845,375.0,27.85146,-24.484500000000025,14.343390133447176,0
11/06/2024 10:44:00 am,390.7986,375.0,27.85146,-15.798600000000022,14.03152508646761,0
11/06/2024 11:00:00 am,386.7456,375.0,27.85146,-11.745600000000024,13.886003144537794,0
11/06/2024 11:16:00 am,387.15375000000006,375.0,27.85146,-12.15375000000006,13.900657667261372,0
11/06/2024 11:28:00 am,380.5599,375.0,27.85146,-5.559900000000027,13.663907147450388,0
11/06/2024 11:44:00 am,366.6597,375.0,27.85146,8.340300000000013,13.164823975179766,0
11/06/2024 11:58:00 am,359.79705,375.0,27.85146,15.202949999999987,12.91842225922007,0
11/06/2024 12:14:00 pm,355.20585,375.0,27.85146,19.794150000000002,12.753576382144281,0
11/06/2024 12:30:00 pm,346.8315,375.0,27.85146,28.168499999999995,12.452897459272348,0
11/06/2024 12:44:00 pm,359.02305,375.0,32.62425,15.976949999999988,11.00478754154117,0
11/06/2024 1:00:00 pm,350.0769,375.0,32.80256,24.923099999999977,10.672240010462595,0
11/06/2024 1:16:00 pm,350.5305,375.0,32.98341,24.469499999999982,10.627475865146792,0
11/06/2024 1:28:00 pm,354.9546,375.0,32.98341,20.045399999999972,10.761606892190077,0
11/06/2024 1:44:00 pm,356.5341,375.0,32.98341,18.465899999999976,10.80949458849325,0
11/06/2024 2:00:00 pm,387.24645,375.0,33.22405,-12.246449999999982,11.655602897418316,0
11/06/2024 2:14:00 pm,377.2254,375.0,33.22405,-2.225399999999979,11.35398262584404,0
11/06/2024 2:30:00 pm,369.1128,375.0,33.22405,5.887200000000007,11.109804159997303,0
11/06/2024 2:44:00 pm,381.4389,375.0,33.22405,-6.43889999999999,11.480803369606242,0
11/06/2024 3:00:00 pm,403.8207,375.0,33.10785,-28.820699999999988,12.197124791514764,0
11/06/2024 3:14:00 pm,379.96815,375.0,28.2787,-4.96814999999998,13.436544665580572,0
11/06/2024 3:44:00 pm,396.2407500000001,375.0,28.2787,-21.240750000000105,14.011981098147691,0
11/06/2024 4:00:00 pm,375.25665,375.0,27.83983,-0.2566499999999792,13.479123802435646,0
11/06/2024 4:14:00 pm,379.86075,375.0,27.83983,-4.860749999999996,13.644501908056943,0
11/06/2024 4:30:00 pm,382.2648,375.0,27.83983,-7.26479999999998,13.730854775027442,0
11/06/2024 4:46:00 pm,387.6798,375.0,27.83983,-12.6798,13.92536020321956,0
11/06/2024 5:00:00 pm,389.1276,375.0,27.83983,-14.127599999999973,13.97736481244145,0
11/06/2024 5:14:00 pm,389.1822,375.0,27.83983,-14.182200000000023,13.979326030609373,0
11/06/2024 5:28:00 pm,386.1675,375.0,27.83983,-11.167500000000018,13.871038770337762,0
11/06/2024 5:44:00 pm,379.9053,375.0,27.83983,-4.905300000000011,13.64610213277088,0
11/06/2024 6:00:00 pm,376.0486499999999,375.0,27.83983,-1.0486499999998955,13.50757224179449,0
11/06/2024 6:14:00 pm,371.3838,375.0,27.83983,3.616199999999992,13.340012011563285,0
11/06/2024 6:30:00 pm,365.91945,375.0,27.83983,9.080550000000017,13.14373394387324,0
11/06/2024 6:46:00 pm,356.9649,375.0,27.83983,18.0351,12.82208877637228,0
11/06/2024 6:58:00 pm,349.50329999999997,375.0,27.83983,25.496700000000033,12.55406999465514,0
11/06/2024 7:14:00 pm,358.98465,375.0,32.63742,16.015350000000012,10.9991702778068,0
11/06/2024 7:28:00 pm,351.91335000000004,375.0,32.63742,23.086649999999963,10.782507997719184,0
11/06/2024 7:44:00 pm,350.82405,375.0,32.69352,24.17595,10.73068738677041,0
11/06/2024 8:00:00 pm,358.82835,375.0,32.69352,16.17165,10.975515644838596,0
11/06/2024 8:14:00 pm,359.31945,375.0,32.69352,15.680549999999982,10.990536965570863,0
11/06/2024 8:30:00 pm,364.56555,375.0,32.69352,10.434450000000027,11.150999907321111,0
11/06/2024 8:46:00 pm,361.8249,375.0,32.69352,13.175099999999986,11.067171394462452,0
11/06/2024 8:58:00 pm,352.42244999999997,375.0,32.69352,22.57755000000003,10.779577794138472,0
11/06/2024 9:14:00 pm,352.87005,375.0,33.08393,22.129950000000008,10.665901642911937,0
11/06/2024 9:30:00 pm,373.59345,375.0,33.08393,1.4065499999999815,11.292290156492847,0
11/06/2024 9:44:00 pm,380.35245,375.0,33.08393,-5.352449999999976,11.496588677164809,0
11/06/2024 10:00:00 pm,390.2082,375.0,33.08393,-15.208199999999977,11.794490015397196,0
11/06/2024 10:14:00 pm,401.9271,375.0,33.08393,-26.927099999999996,12.14870719751033,0
11/06/2024 10:30:00 pm,395.91014999999993,375.0,27.86732,-20.91014999999993,14.206963853372388,0
11/06/2024 10:44:00 pm,400.5414,375.0,27.8106,-25.54140000000001,14.402467259797609,0
11/06/2024 10:58:00 pm,380.32695,375.0,27.37048,-5.326950000000011,13.89551118741389,0
11/06/2024 11:14:00 pm,380.8143,375.0,27.37048,-5.814300000000003,13.91331686060425,0
11/06/2024 11:30:00 pm,381.66945,375.0,27.37048,-6.6694499999999834,13.944560364100168,0
11/06/2024 11:44:00 pm,378.5262,375.0,27.37048,-3.526200000000017,13.829719526395033,0
11/07/2024 12:00:00 am,374.2323,375.0,27.37048,0.7676999999999907,13.672838885968062,0
11/07/2024 12:16:00 am,371.4126,375.0,27.37048,3.5874000000000024,13.569819173862069,0
11/07/2024 12:30:00 am,365.6334,375.0,27.37048,9.366600000000005,13.358672058848782,0
11/07/2024 12:44:00 am,358.87155,375.0,27.37048,16.128449999999987,13.111623138643116,0
11/07/2024 12:58:00 am,351.9183,375.0,27.37048,23.081700000000012,12.857581285537817,0
11/07/2024 1:14:00 am,345.79949999999997,375.0,27.48658,29.200500000000034,12.58066206102685,0
11/07/2024 1:30:00 am,353.00535,375.0,32.24809,21.99464999999998,10.946547238441955,0
11/07/2024 1:44:00 am,363.297,375.0,32.68855,11.702999999999975,11.11388816148524,0
11/07/2024 2:00:00 am,360.4962,375.0,32.68855,14.503800000000012,11.028206809966544,0
11/07/2024 2:16:00 am,359.85825,375.0,32.68855,15.141750000000002,11.00869080803804,0
11/07/2024 2:28:00 am,360.6351,375.0,32.68855,14.364899999999977,11.032456002956385,0
11/07/2024 2:44:00 am,361.58685,375.0,32.68855,13.413149999999973,11.061571693583321,0
11/07/2024 2:58:00 am,369.4626,375.0,32.68855,5.537399999999991,11.302504607116372,0
11/07/2024 3:14:00 am,363.5529,375.0,32.68855,11.447099999999978,11.121716588311017,0
11/07/2024 3:30:00 am,357.1209,375.0,32.68855,17.879099999999994,10.92495050256114,0
11/07/2024 3:44:00 am,368.03955,375.0,32.68855,6.96044999999998,11.258971028396479,0
11/07/2024 4:00:00 am,379.9584,375.0,32.68855,-4.958399999999983,11.623589414767734,0
11/07/2024 4:16:00 am,386.5203,375.0,32.68855,-11.52030000000002,11.824329367827765,0
11/07/2024 4:28:00 am,397.104,375.0,32.68855,-22.103999999999985,12.148103189617405,0
11/07/2024 4:44:00 am,392.6872499999999,375.0,27.83465,-17.687249999999892,14.10785150600007,0
11/07/2024 5:00:00 am,399.83985000000007,375.0,27.83465,-24.83985000000007,14.364818898452508,0
11/07/2024 5:14:00 am,376.92105,375.0,27.32834,-1.9210499999999797,13.792309085619877,0
11/07/2024 5:30:00 am,375.56355,375.0,27.32834,-0.5635500000000206,13.74263539511167,0
11/07/2024 5:44:00 am,382.6866,375.0,27.32834,-7.6865999999999985,14.003282305737448,0
11/07/2024 6:00:00 am,384.17565,375.0,27.32834,-9.175650000000019,14.05776967874021,0
11/07/2024 6:14:00 am,380.01,375.0,27.32834,-5.009999999999991,13.905340058949772,0
11/07/2024 6:28:00 am,378.77655,375.0,27.32834,-3.776549999999986,13.860205610657065,0
11/07/2024 6:44:00 am,372.56685,375.0,27.32834,2.433150000000012,13.632980037214102,0
11/07/2024 7:00:00 am,366.7635,375.0,27.32834,8.236499999999978,13.420623638090117,0
11/07/2024 7:14:00 am,356.89545,375.0,27.32834,18.104550000000017,13.059531585331715,0
11/07/2024 7:30:00 am,348.71325,375.0,27.39269,26.286749999999984,12.730152558893428,0
11/07/2024 7:46:00 am,360.996,375.0,32.24203,14.004000000000019,11.19643794251232,0
11/07/2024 8:00:00 am,351.11654999999996,375.0,32.24203,23.88345000000004,10.890022777715055,0
11/07/2024 8:14:00 am,362.4873,375.0,32.66375,12.512699999999995,11.09753745435308,0
11/07/2024 8:28:00 am,354.243,375.0,32.66375,20.757000000000005,10.845138465381817,0
11/07/2024 8:44:00 am,355.6449,375.0,32.66375,19.355099999999993,10.888057590430494,0
11/07/2024 9:00:00 am,358.30949999999996,375.0,32.73332,16.690500000000043,10.946319851967397,0
11/07/2024 9:14:00 am,355.54905,375.0,32.73332,19.450949999999978,10.86198837698456,0
11/07/2024 9:30:00 am,365.79195,375.0,32.73332,9.208050000000014,11.174907960784923,0
11/07/2024 9:46:00 am,353.73720000000003,375.0,32.73332,21.26279999999997,10.806636538354027,0
11/07/2024 9:58:00 am,384.29115,375.0,33.26079,-9.291150000000016,11.553875733596305,0
11/07/2024 10:14:00 am,399.636,375.0,33.26079,-24.636000000000024,12.015225129882625,0
11/07/2024 10:28:00 am,391.7922,375.0,28.31798,-16.79219999999998,13.835452304347871,0
11/07/2024 10:44:00 am,403.18395,375.0,28.2632,-28.18394999999998,14.265327611407196,0
11/07/2024 11:00:00 am,384.34875,375.0,27.84894,-9.348749999999995,13.8011935818047,0
11/07/2024 11:14:00 am,391.221,375.0,27.84894,-16.221000000000004,14.047962310966842,0
11/07/2024 11:30:00 am,398.82735,375.0,27.84894,-23.827350000000024,14.321091100382601,0
