Time,Inj Gas Meter Volume Instantaneous,Inj Gas Meter Volume Setpoint,Inj Gas Valve Percent Open,Volume Deviation,Valve Efficiency
2024-10-31 00:00:00,559.0225499999999,543.0,44.65046,-16.02254999999991,12.519970114536305
2024-10-31 00:14:00,549.6309,543.0,44.68318,-6.630899999999997,12.300619091877728
2024-10-31 00:30:00,586.3567499999999,543.0,44.58979,-43.35674999999992,13.15001973545519
2024-10-31 00:46:00,573.30135,543.0,44.62712,-30.301349999999957,12.846475899301613
2024-10-31 01:00:00,564.6483000000001,543.0,44.64499,-21.648300000000063,12.647514839287714
2024-10-31 01:14:00,559.5771,543.0,44.65577,-16.577099999999973,12.530899695403372
2024-10-31 01:28:00,594.0436500000001,543.0,44.5543,-51.04365000000007,13.333023224913596
2024-10-31 01:44:00,579.2346,543.0,44.60474,-36.2346,12.985939838245926
2024-10-31 02:00:00,575.6688,543.0,44.612,-32.66880000000003,12.90389740341222
2024-10-31 02:14:00,569.6556,543.0,44.63334,-26.65560000000005,12.763003449214546
2024-10-31 02:30:00,556.50495,543.0,44.65831,-13.504950000000008,12.461394651657294
2024-10-31 02:46:00,582.01815,543.0,44.58346,-39.01814999999999,13.054572692524829
2024-10-31 03:00:00,583.23225,543.0,44.59333,-40.23225000000002,13.078909316951814
2024-10-31 03:16:00,557.40765,543.0,44.62994,-14.40764999999999,12.489542336480323
2024-10-31 03:28:00,559.6974,543.0,44.65321,-16.697400000000016,12.534312195178757
2024-10-31 03:44:00,561.0645,543.0,44.64957,-18.064499999999953,12.565952468085925
2024-10-31 04:00:00,574.6855499999999,543.0,44.61326,-31.68554999999992,12.88149355561697
2024-10-31 04:14:00,577.60605,543.0,44.63443,-34.60604999999998,12.940815433105017
2024-10-31 04:30:00,571.9866000000001,543.0,44.61763,-28.986600000000067,12.819741250321623
2024-10-31 04:46:00,566.8248,543.0,44.64836,-23.824799999999982,12.695307801830166
2024-10-31 04:58:00,576.3850500000001,543.0,44.33146,-33.38505000000009,13.00171300432853
2024-10-31 05:14:00,574.7841,543.0,44.34416,-31.784099999999967,12.961886534351638
2024-10-31 05:30:00,561.53055,543.0,44.39851,-18.53054999999995,12.647506042994223
2024-10-31 05:44:00,546.55815,543.0,44.41094,-3.558149999999955,12.306833112104108
2024-10-31 06:00:00,558.4390500000001,543.0,44.38026,-15.439050000000066,12.583047602008731
2024-10-31 06:14:00,572.1432,543.0,44.3538,-29.14319999999998,12.899527684318437
2024-10-31 06:30:00,567.6579,543.0,44.36668,-24.65790000000004,12.79468673457497
2024-10-31 06:46:00,556.07025,543.0,44.39721,-13.070249999999987,12.524888945749304
2024-10-31 06:58:00,546.97725,543.0,44.41696,-3.9772500000000264,12.314600703289756
2024-10-31 07:14:00,571.2198,543.0,44.3497,-28.219799999999964,12.879899327413865
2024-10-31 07:30:00,565.43385,543.0,44.3615,-22.433850000000007,12.746046065609578
2024-10-31 07:44:00,562.36515,543.0,44.37756,-19.36514999999997,12.672283543240423
2024-10-31 08:00:00,549.08595,543.0,44.41018,-6.085950000000025,12.36396309045289
2024-10-31 08:16:00,546.15675,543.0,44.419,-3.156749999999988,12.295563318498093
2024-10-31 08:30:00,584.6124,543.0,44.31561,-41.61239999999998,13.19201672006394
2024-10-31 08:44:00,573.8061,543.0,44.35046,-30.806100000000015,12.937993667259896
2024-10-31 08:58:00,560.93895,543.0,44.38796,-17.938949999999977,12.637184128943044
2024-10-31 09:14:00,554.2827,543.0,44.40012,-11.282699999999977,12.483808042904377
2024-10-31 09:30:00,545.76135,543.0,44.41581,-2.761349999999993,12.287544167821284
2024-10-31 09:44:00,577.70445,543.0,44.3311,-34.70444999999995,13.031580982294374
2024-10-31 10:00:00,565.99395,543.0,44.3562,-22.99395000000004,12.760196373856107
2024-10-31 10:16:00,555.49005,543.0,44.39793,-12.490049999999997,12.511617656134495
2024-10-31 10:28:00,544.86165,543.0,44.41911,-1.8616500000000542,12.266376506333309
2024-10-31 10:44:00,573.1845,543.0,44.3461,-30.184499999999957,12.925248685848656
2024-10-31 10:58:00,565.70355,543.0,44.36767,-22.70354999999995,12.750352283463998
2024-10-31 11:14:00,539.49735,543.0,44.3986,3.502650000000017,12.151221626082437
2024-10-31 11:30:00,547.63275,543.0,44.42148,-4.632749999999987,12.328104032530199
2024-10-31 11:44:00,537.68835,543.0,44.44006,5.311649999999986,12.099178736667156
2024-10-31 12:00:00,565.84485,543.0,44.40781,-22.84484999999995,12.742009177662851
2024-10-31 12:16:00,551.3133,543.0,44.40445,-8.313300000000027,12.415719051644812
2024-10-31 12:28:00,537.8523,543.0,44.47496,5.147699999999986,12.093370720654786
2024-10-31 12:44:00,536.6283000000001,543.0,44.45201,6.371699999999919,12.072079064123521
2024-10-31 13:00:00,535.6395,543.0,44.44459,7.360500000000002,12.051846568537009
2024-10-31 13:14:00,556.9569,543.0,44.38197,-13.956900000000019,12.549167477431155
2024-10-31 13:30:00,551.90055,543.0,44.39755,-8.900549999999953,12.430875705782027
2024-10-31 13:44:00,541.99125,543.0,44.4304,1.0087499999999636,12.198655155331675
2024-10-31 14:00:00,530.3100000000001,543.0,44.45881,12.68999999999994,11.928116850604672
2024-10-31 14:14:00,555.0696,543.0,44.39986,-12.069600000000037,12.501604171363565
2024-10-31 14:28:00,552.97965,543.0,44.39899,-9.979649999999992,12.454777134620148
2024-10-31 14:44:00,542.7615000000001,543.0,44.42754,0.23849999999993088,12.216777652605197
2024-10-31 15:00:00,531.168,543.0,44.46262,11.831999999999994,11.946391835120863
2024-10-31 15:14:00,526.2186,543.0,44.47208,16.781399999999962,11.832558352890544
2024-10-31 15:30:00,559.43805,543.0,44.38593,-16.438049999999976,12.603947331069252
2024-10-31 15:46:00,544.93035,543.0,44.40762,-1.9303499999999758,12.271097331697277
2024-10-31 16:00:00,539.9238,543.0,44.43489,3.0761999999999716,12.15089490468078
2024-10-31 16:14:00,532.458,543.0,44.45175,10.54200000000003,11.978333366327902
2024-10-31 16:28:00,525.9168,543.0,44.46958,17.083200000000033,11.826436897664223
2024-10-31 16:44:00,559.6263,543.0,44.38335,-16.626300000000015,12.608921451643138
2024-10-31 17:00:00,550.96365,543.0,44.40841,-7.96365000000003,12.406738406815643
2024-10-31 17:14:00,542.37585,543.0,44.43136,0.624149999999986,12.207047633237508
2024-10-31 17:30:00,536.5236,543.0,44.44576,6.476400000000012,12.071420969869573
2024-10-31 17:46:00,532.4322,543.0,44.45108,10.567800000000034,11.977933499493487
2024-10-31 17:58:00,556.5525,543.0,44.3913,-13.552500000000009,12.537420049104204
2024-10-31 18:14:00,550.21905,543.0,44.4006,-7.219050000000038,12.392150693425158
2024-10-31 18:28:00,532.5312,543.0,44.45381,10.468799999999987,11.979424940308842
2024-10-31 18:44:00,521.23005,543.0,44.48349,21.769949999999994,11.717379477783895
2024-10-31 19:00:00,513.19875,543.0,44.50417,29.801249999999982,11.531472998716074
2024-10-31 19:14:00,547.0332000000001,543.0,44.41191,-4.033200000000079,12.317260771432535
2024-10-31 19:30:00,544.50225,543.0,44.43177,-1.5022500000000036,12.254792628159393
2024-10-31 19:46:00,533.7156,543.0,44.45117,9.284400000000005,12.00678137228303
2024-10-31 19:58:00,524.8098,543.0,44.4753,18.190200000000004,11.800025677167849
2024-10-31 20:14:00,513.16755,543.0,44.50771,29.832449999999994,11.52985482069178
2024-10-31 20:30:00,554.961,543.0,44.39487,-11.961000000000013,12.500563128000346
2024-10-31 20:44:00,548.3027999999999,543.0,44.41065,-5.302799999999934,12.346197962381103
2024-10-31 21:00:00,533.895,543.0,44.45106,9.105000000000018,12.01084698298601
2024-10-31 21:14:00,527.02815,543.0,44.46939,15.971850000000018,11.851478769670829
2024-10-31 21:30:00,519.59655,543.0,44.48921,23.40345000000002,11.679156209077163
2024-10-31 21:44:00,550.37205,543.0,44.40714,-7.372049999999945,12.39377104813076
2024-10-31 21:58:00,540.85995,543.0,44.4477,2.140049999999974,12.168454797783733
2024-10-31 22:14:00,530.7570000000001,543.0,44.46214,12.242999999999938,11.937276987280192
2024-10-31 22:30:00,518.4987,543.0,44.49467,24.501300000000015,11.653049308366752
2024-10-31 22:44:00,513.4107,543.0,44.50479,29.58929999999998,11.536074760475275
2024-10-31 23:00:00,552.86985,543.0,44.40052,-9.869850000000042,12.45187501140189
2024-10-31 23:16:00,540.43875,543.0,44.43328,2.5612499999999727,12.162924464967594
2024-10-31 23:30:00,533.7882,543.0,44.44549,9.21180000000004,12.009949263704986
2024-10-31 23:44:00,524.3559,543.0,44.53228,18.64409999999998,11.774734692511883
2024-10-31 23:58:00,514.6791,543.0,44.5309,28.32090000000005,11.55779435003686
2024-11-01 00:14:00,529.8608999999999,543.0,44.45814,13.139100000000099,11.918194976624081
2024-11-01 00:30:00,532.5912,543.0,44.4599,10.408800000000042,11.97913356099911
2024-11-01 00:44:00,536.73585,543.0,44.4475,6.264149999999972,12.075723701957658
2024-11-01 01:00:00,526.1412,543.0,44.47006,16.858799999999974,11.831355336296975
2024-11-01 01:16:00,516.5116499999999,543.0,44.49282,26.488350000000082,11.608873834278464
2024-11-01 01:28:00,527.65365,543.0,44.47053,15.34635000000003,11.865240449070328
2024-11-01 01:44:00,541.4997,543.0,44.42931,1.5003000000000384,12.187890789235574
2024-11-01 01:58:00,534.5172,543.0,44.43978,8.482799999999997,12.027896621473683
2024-11-01 02:14:00,525.2873999999999,543.0,44.48587,17.712600000000066,11.807957940811779
2024-11-01 02:30:00,518.6546999999999,543.0,44.4965,24.345300000000066,11.656075948428313
2024-11-01 02:44:00,522.1794,543.0,44.47508,20.820600000000013,11.740940827775727
2024-11-01 03:00:00,541.59885,543.0,44.42805,1.4011500000000296,12.190468141080208
2024-11-01 03:16:00,541.69455,543.0,44.43161,1.3054499999999507,12.191645274243884
2024-11-01 03:28:00,527.7723000000001,543.0,44.46878,15.227699999999913,11.86837555058278
2024-11-01 03:44:00,521.5279499999999,543.0,44.48049,21.47205000000008,11.724867076584118
2024-11-01 04:00:00,562.0896,543.0,44.36995,-19.08960000000002,12.668246714669113
2024-11-01 04:14:00,539.8870499999999,543.0,44.40039,3.112950000000069,12.159508698119835
2024-11-01 04:30:00,543.3858,543.0,44.4301,-0.38580000000001746,12.23012502107242
2024-11-01 04:44:00,533.9856,543.0,44.44624,9.014400000000023,12.014187923615602
2024-11-01 05:00:00,527.98275,543.0,44.46508,15.01724999999999,11.874096060527483
2024-11-01 05:14:00,560.4357,543.0,44.3803,-17.435699999999997,12.628025806940059
2024-11-01 05:28:00,538.452,543.0,44.43854,4.548000000000002,12.116776987547972
2024-11-01 05:44:00,544.40895,543.0,44.42303,-1.4089500000000044,12.255103432813243
2024-11-01 06:00:00,533.1542999999999,543.0,44.46248,9.845700000000079,11.991103062379095
2024-11-01 06:14:00,525.5382,543.0,44.47292,17.46180000000004,11.817035666415501
2024-11-01 06:30:00,550.37265,543.0,44.4071,-7.3726500000000215,12.393795723252424
2024-11-01 06:46:00,544.8753,543.0,44.40439,-1.8753000000000384,12.27075019592653
2024-11-01 07:00:00,533.0247,543.0,44.4395,9.975299999999947,11.994387426864067
2024-11-01 07:14:00,532.84425,543.0,44.46048,10.155750000000012,11.984668859924845
2024-11-01 07:28:00,564.81975,543.0,44.3686,-21.81975,12.730165538203698
2024-11-01 07:44:00,552.2472,543.0,44.4021,-9.24720000000002,12.437408942953388
2024-11-01 08:00:00,548.5281,543.0,44.41224,-5.528099999999995,12.35082888167116
2024-11-01 08:14:00,536.30475,543.0,44.44165,6.695249999999987,12.067612910948869
2024-11-01 08:30:00,529.20705,543.0,44.46025,13.792950000000019,11.902922969861173
2024-11-01 08:46:00,559.9605,543.0,44.38623,-16.960500000000025,12.615632682561083
2024-11-01 08:58:00,555.1043999999999,543.0,44.40616,-12.104399999999941,12.500614216447847
2024-11-01 09:14:00,534.73875,543.0,44.44701,8.261250000000018,12.030924682914625
2024-11-01 09:28:00,534.9936,543.0,44.45326,8.006399999999985,12.034966156595454
2024-11-01 09:44:00,510.61980000000005,543.0,44.51159,32.380199999999945,11.471611894427522
2024-11-01 10:00:00,547.0071,543.0,44.41728,-4.007100000000037,12.31518401955635
2024-11-01 10:14:00,506.2011,543.0,44.5238,36.7989,11.369222445248957
2024-11-01 10:30:00,479.0652,543.0,45.99658,63.934799999999996,10.415232955312556
2024-11-01 10:46:00,486.1887,543.0,49.81952,56.81130000000002,9.758998127842634
2024-11-01 10:58:00,519.3661500000001,543.0,50.30236,23.63384999999994,10.324884294716135
2024-11-01 11:14:00,494.5146,543.0,50.36288,48.48540000000003,9.819027462482792
2024-11-01 11:30:00,512.3877,543.0,50.89892,30.612300000000005,10.066767611814237
2024-11-01 11:44:00,508.5879,543.0,50.93899,34.41210000000001,9.984253715228018
2024-11-01 12:00:00,500.92140000000006,543.0,51.53749,42.07859999999994,9.719551782682514
2024-11-01 12:14:00,505.38495,543.0,52.12703,37.61505,9.69525509217481
2024-11-01 12:30:00,502.7286,543.0,53.59671,40.27140000000003,9.379838915515725
2024-11-01 12:44:00,487.75035,543.0,54.21635,55.249649999999974,8.996368439341925
2024-11-01 12:58:00,509.7777,543.0,55.6423,33.22230000000002,9.161691885185931
2024-11-01 13:14:00,510.75659999999993,543.0,58.43777,32.243400000000065,8.740178014975927
2024-11-01 13:30:00,479.13105,543.0,66.12701,63.868949999999984,7.245616844672571
2024-11-01 13:44:00,0.0,543.0,100.0,543.0,0.0
2024-11-01 14:00:00,0.0,543.0,100.0,543.0,0.0
2024-11-01 14:44:00,607.07475,543.0,47.78658,-64.07475,12.703872571782167
2024-11-01 14:58:00,557.4297,543.0,45.71022,-14.429700000000025,12.194856599933976
2024-11-01 15:14:00,537.7002,543.0,45.76697,5.299800000000005,11.74864935374805
2024-11-01 15:30:00,522.9849,543.0,45.80622,20.01509999999996,11.417331223285565
2024-11-01 15:44:00,516.3738,543.0,45.82545,26.62620000000004,11.26827313899304
2024-11-01 16:00:00,516.9843000000001,543.0,45.82498,26.015699999999924,11.28171113621629
2024-11-01 16:16:00,514.76385,543.0,45.8281,28.236149999999952,11.232491368289027
2024-11-01 16:28:00,525.2778000000001,543.0,45.80485,17.72219999999993,11.467730716784201
2024-11-01 16:44:00,499.89705,543.0,45.85911,43.10295000000002,10.900711788625685
2024-11-01 16:58:00,496.3932,543.0,47.95742,46.60680000000002,10.350704781302918
2024-11-01 17:14:00,525.0153,543.0,47.88861,17.984699999999975,10.963258076762287
2024-11-01 17:30:00,531.49065,543.0,47.86526,11.50935000000004,11.103889103728026
2024-11-01 17:44:00,530.78595,543.0,47.86949,12.214050000000043,11.088186632406854
2024-11-01 18:00:00,517.9272000000001,543.0,47.89279,25.072799999999916,10.814301941001572
2024-11-01 18:16:00,528.1278,543.0,50.97045,14.87220000000002,10.361448572369172
2024-11-01 18:28:00,561.5024999999999,543.0,50.90991,-18.50249999999994,11.029333772278562
2024-11-01 18:44:00,554.2573500000001,543.0,50.89999,-11.257350000000088,10.889142436149314
2024-11-01 19:00:00,558.7617,543.0,50.88442,-15.761700000000019,10.98099556190371
2024-11-01 19:14:00,584.5032,543.0,46.84387,-41.50319999999999,12.477685452187135
2024-11-01 19:30:00,544.9716,543.0,46.92785,-1.9715999999999667,11.612965091525586
2024-11-01 19:44:00,552.47055,543.0,46.90042,-9.470550000000003,11.779647862503607
2024-11-01 20:00:00,555.73275,543.0,46.87458,-12.73275000000001,11.855735698168239
2024-11-01 20:14:00,561.3243,543.0,46.9108,-18.324299999999994,11.965777184405896
2024-11-01 20:28:00,551.11275,543.0,46.08385,-8.112750000000005,11.958910343013802
2024-11-01 20:44:00,522.7085999999999,543.0,46.08385,20.291400000000067,11.342552468478116
2024-11-01 21:00:00,526.88685,543.0,46.15486,16.11315000000002,11.415628513307478
2024-11-01 21:14:00,,543.0,46.16428,,
2024-11-01 21:30:00,567.64905,543.0,46.16428,-24.64904999999999,12.296280306704597
2024-11-01 21:46:00,,543.0,45.81068,,
2024-11-01 22:00:00,526.45365,543.0,45.81068,16.54634999999996,11.491938890245924
2024-11-01 22:14:00,521.22345,543.0,45.88171,21.776550000000043,11.360154981112302
2024-11-01 22:28:00,517.0158,543.0,45.89699,25.984199999999987,11.264697039022158
2024-11-01 22:44:00,567.67125,543.0,45.48336,-24.671249999999986,12.4808528919471
2024-11-01 23:00:00,544.3905,543.0,45.55453,-1.3904999999999745,11.950301770141898
2024-11-01 23:14:00,527.42985,543.0,45.55453,15.570150000000012,11.577986519016545
2024-11-01 23:30:00,517.37415,543.0,45.55453,25.625850000000014,11.357246720085417
2024-11-01 23:58:00,552.2853,543.0,45.26376,-9.285300000000007,12.201486972914541
2024-11-02 00:28:00,526.9151999999999,543.0,45.32938,16.084800000000087,11.624140541048531
2024-11-02 00:44:00,565.5552,543.0,44.96767,-22.555200000000013,12.576926361333296
2024-11-02 01:00:00,543.57705,543.0,45.01677,-0.5770499999999856,12.07498737137574
2024-11-02 01:14:00,525.52485,543.0,45.06576,17.475149999999985,11.661286382103313
2024-11-02 01:30:00,515.9805,543.0,45.09512,27.019499999999994,11.442044850519334
2024-11-02 01:46:00,578.50695,543.0,44.92857,-35.50694999999996,12.876145874185205
2024-11-02 01:58:00,556.37505,543.0,44.98051,-13.375049999999987,12.369244508511683
2024-11-02 02:14:00,540.8824500000001,543.0,45.02814,2.1175499999999374,12.01209576675924
2024-11-02 02:30:00,534.1443,543.0,45.04396,8.855699999999956,11.85828646986489
2024-11-02 02:44:00,524.52015,543.0,45.06615,18.479850000000056,11.638891576295826
2024-11-02 03:00:00,561.7212,543.0,44.96761,-18.721199999999953,12.49168179236526
2024-11-02 03:14:00,551.22885,543.0,44.99721,-8.228849999999966,12.250286795495365
2024-11-02 03:30:00,526.7664,543.0,45.05818,16.233600000000024,11.69080249339798
2024-11-02 03:44:00,516.5907,543.0,45.08899,26.40930000000003,11.45713366896582
2024-11-02 03:58:00,543.981,543.0,45.01851,-0.9809999999999945,12.083493637729537
2024-11-02 04:14:00,556.3128,543.0,44.97501,-13.312800000000038,12.36937304308036
2024-11-02 04:30:00,531.9856500000001,543.0,45.02785,11.014349999999922,11.81458879014015
2024-11-02 04:44:00,528.4178999999999,543.0,45.04961,14.582100000000082,11.729686066164373
2024-11-02 05:00:00,526.1571,543.0,45.06371,16.842899999999986,11.675847000647083
2024-11-02 05:16:00,574.9390500000001,543.0,44.93193,-31.939050000000066,12.795776234010818
2024-11-02 05:30:00,560.3166,543.0,44.97598,-17.316599999999994,12.458127102927584
2024-11-02 05:44:00,539.2074,543.0,45.02998,3.792599999999993,11.974406390052495
2024-11-02 05:58:00,527.78775,543.0,45.0579,15.21225000000004,11.713542638795275
2024-11-02 06:14:00,520.59495,543.0,45.08462,22.40504999999996,11.547060494895932
2024-11-02 06:30:00,514.467,543.0,45.09241,28.533000000000015,11.409168104084898
2024-11-02 06:44:00,546.30135,543.0,44.99909,-3.3013499999999567,12.140272805456107
2024-11-02 07:00:00,529.2939,543.0,45.05429,13.706099999999992,11.747910854235888
2024-11-02 07:16:00,515.89665,543.0,45.08435,27.103349999999978,11.442918342414087
2024-11-02 07:28:00,508.6305,543.0,45.1101,34.369500000000016,11.275310567852747
2024-11-02 07:44:00,525.948,543.0,45.35163,17.05200000000002,11.597110931379769
2024-11-02 07:58:00,557.30745,543.0,45.26552,-14.307450000000017,12.311961220822996
2024-11-02 08:14:00,541.41255,543.0,45.30465,1.5874499999999898,11.950482577288957
2024-11-02 08:30:00,525.24015,543.0,45.35168,17.75985000000003,11.581490127490286
2024-11-02 08:44:00,507.51,543.0,45.39426,35.49000000000001,11.180045411017732
2024-11-02 09:00:00,577.15215,543.0,45.2141,-34.152150000000006,12.764868090956561
2024-11-02 09:16:00,563.6433,543.0,45.24629,-20.643299999999954,12.457224126613665
2024-11-02 09:28:00,546.06225,543.0,45.3059,-3.062249999999949,12.052781855612212
2024-11-02 09:44:00,531.9393,543.0,45.33771,11.060699999999997,11.732819824199364
2024-11-02 10:00:00,524.93505,543.0,45.37252,18.064949999999953,11.56944631476358
2024-11-02 10:14:00,574.8268499999999,543.0,45.22085,-31.826849999999922,12.7115417530759
2024-11-02 10:30:00,557.26635,543.0,45.26654,-14.266349999999989,12.310775837787505
2024-11-02 10:44:00,543.99195,543.0,45.30425,-0.9919499999999744,12.00752313358611
2024-11-02 11:00:00,531.8451,543.0,45.33769,11.154899999999998,11.730747258903737
2024-11-02 11:14:00,540.4089,543.0,45.30419,2.591099999999983,11.928450342352365
2024-11-02 11:28:00,568.28385,543.0,45.22894,-25.28385000000003,12.564604086541916
2024-11-02 11:44:00,541.4364,543.0,45.3069,1.5635999999999513,11.950415510570021
2024-11-02 12:00:00,530.9531999999999,543.0,45.33689,12.046800000000076,11.711281538878925
2024-11-02 12:14:00,522.4092,543.0,45.35572,20.590799999999945,11.518041932077821
2024-11-02 12:30:00,512.73915,543.0,45.38278,30.260850000000005,11.298096701414787
2024-11-02 12:46:00,550.47975,543.0,45.3177,-7.479749999999967,12.147121952984824
2024-11-02 13:00:00,531.09375,543.0,45.33704,11.90625,11.71434290497507
2024-11-02 13:14:00,525.95565,543.0,45.35075,17.04435000000001,11.597504650418207
2024-11-02 13:28:00,500.63834999999995,543.0,45.36779,42.361650000000054,11.035103090738364
2024-11-02 13:44:00,502.1853,543.0,45.41294,40.814700000000016,11.058195955118528
2024-11-02 14:00:00,568.5550499999999,543.0,45.50518,-25.555049999999937,12.49429021173189
2024-11-02 14:14:00,539.75265,543.0,45.58588,3.247349999999983,11.840344676828728
2024-11-02 14:30:00,519.654,543.0,45.63883,23.346000000000004,11.386222787432809
2024-11-02 14:46:00,514.62195,543.0,45.64962,28.37805000000003,11.27329947690704
2024-11-02 15:00:00,501.58215,543.0,45.68162,41.41784999999999,10.97995299204516
2024-11-02 15:14:00,516.5412,543.0,45.92996,26.458799999999997,11.246277757202975
2024-11-02 15:28:00,548.5835999999999,543.0,45.85574,-5.583599999999933,11.963245612600382
2024-11-02 15:44:00,530.73375,543.0,45.89848,12.266250000000014,11.563207199191083
2024-11-02 16:00:00,510.4455,543.0,45.94624,32.55450000000002,11.109622656908886
2024-11-02 16:14:00,500.14815,543.0,46.24292,42.85185000000001,10.815667389587986
2024-11-02 16:30:00,485.628,543.0,48.36282,57.372000000000014,10.041347869841363
2024-11-02 16:46:00,560.2689,543.0,50.1375,-17.26890000000003,11.174645489973475
2024-11-02 16:58:00,552.51585,543.0,50.14921,-9.51585,11.017436562323402
2024-11-02 17:14:00,539.8580999999999,543.0,50.17553,3.141900000000078,10.759387940817376
2024-11-02 17:30:00,523.74045,543.0,50.21736,19.25954999999999,10.429467931116266
2024-11-02 17:44:00,495.49305,543.0,50.29267,47.50695000000002,9.852190219332117
2024-11-02 18:00:00,507.92055,543.0,50.29652,35.07945000000001,10.09852071305913
2024-11-02 18:16:00,568.5436500000001,543.0,50.09626,-25.54365000000007,11.349021593823252
2024-11-02 18:30:00,553.0734,543.0,50.13675,-10.073399999999992,11.031295201365225
2024-11-02 18:44:00,537.85155,543.0,50.18803,5.148450000000025,10.716727531101034
2024-11-02 18:58:00,525.738,543.0,50.20852,17.261999999999944,10.471089275069396
2024-11-02 19:14:00,506.49525,543.0,50.28222,36.50475,10.073046680706085
2024-11-02 19:30:00,514.3776,543.0,50.51699,28.62239999999997,10.182267355543678
2024-11-02 19:44:00,497.23665000000005,543.0,51.11037,45.763349999999946,9.728682314629632
2024-11-02 20:00:00,501.2682,543.0,51.68842,41.73180000000002,9.697880163897413
2024-11-02 20:16:00,520.9524,543.0,52.22967,22.04759999999999,9.974259846125804
2024-11-02 20:30:00,524.45835,543.0,52.2105,18.541650000000004,10.045072342714137
2024-11-02 20:44:00,499.6032,543.0,52.83322,43.396799999999985,9.456230482217347
2024-11-02 20:58:00,498.40695,543.0,53.74363,44.593050000000005,9.273784767834853
2024-11-02 21:14:00,487.77165,543.0,54.63677,55.22834999999998,8.927532881696177
2024-11-02 21:30:00,518.24325,543.0,57.22775,24.75675000000001,9.055801764737952
2024-11-02 21:44:00,580.88805,543.0,45.54921,-37.88805000000002,12.752974694187957
2024-11-02 22:00:00,549.7782,543.0,45.12656,-6.77819999999997,12.183026540683237
2024-11-02 22:16:00,507.6726,543.0,45.23597,35.32740000000001,11.222761173738249
2024-11-02 22:28:00,501.94125,543.0,45.25837,41.058749999999975,11.09057040928111
2024-11-02 22:44:00,507.2016,543.0,45.24811,35.798400000000015,11.20934085217242
2024-11-02 22:58:00,500.25945,543.0,45.54603,42.740549999999985,10.983599232776328
2024-11-02 23:14:00,504.86085,543.0,45.53405,38.13914999999997,11.087543039210647
2024-11-02 23:30:00,507.8889,543.0,45.53033,35.11110000000002,11.154955135410804
2024-11-02 23:44:00,516.50805,543.0,45.50951,26.491949999999974,11.349450620441614
2024-11-03 00:00:00,505.67115,543.0,50.57343,37.32884999999999,9.998749343528935
2024-11-03 00:16:00,510.8148,543.0,50.56116,32.18520000000001,10.102907033203543
2024-11-03 00:28:00,524.3298,543.0,50.52049,18.670200000000023,10.378555239952098
2024-11-03 00:44:00,522.5394,543.0,50.52399,20.4606,10.3423996516507
2024-11-03 01:00:00,549.9671999999999,543.0,50.45528,-6.967199999999934,10.900089960834629
2024-11-03 01:14:00,497.6523,543.0,50.58996,45.347699999999975,9.83697559022075
2024-11-03 01:30:00,509.36385,543.0,50.8644,33.63614999999999,10.014150365648593
2024-11-03 01:46:00,525.8451,543.0,50.8181,17.154899999999998,10.347592620032504
2024-11-03 02:00:00,513.35145,543.0,51.14571,29.64855,10.037036334614118
2024-11-03 02:14:00,492.6243,543.0,51.18159,50.375699999999995,9.625027353580192
2024-11-03 02:30:00,562.9053,543.0,50.99078,-19.90530000000001,11.039352400698244
2024-11-03 02:46:00,544.40505,543.0,51.04427,-1.4050499999999602,10.665348791284742
2024-11-03 03:00:00,521.73825,543.0,51.10007,21.261750000000006,10.210125894127758
2024-11-03 03:14:00,514.9713,543.0,51.14229,28.028699999999958,10.069380923423466
2024-11-03 03:32:00,522.64545,543.0,51.09397,20.354550000000017,10.229100375425832
2024-11-03 03:44:00,581.5911,543.0,45.88813,-38.59109999999998,12.67410489943589
2024-11-03 04:00:00,554.27145,543.0,45.96754,-11.271449999999959,12.057885399591667
2024-11-03 04:14:00,534.3756000000001,543.0,46.0138,8.624399999999923,11.613374332618838
2024-11-03 04:30:00,528.25665,543.0,46.0332,14.743349999999964,11.475555365354708
2024-11-03 04:46:00,605.02305,543.0,45.28056,-62.02305000000001,13.361648274303967
2024-11-03 04:58:00,542.7177,543.0,45.44196,0.2822999999999638,11.94309357626881
2024-11-03 05:14:00,524.24145,543.0,45.49268,18.758550000000014,11.523641490533972
2024-11-03 05:30:00,519.4368,543.0,45.50717,23.56320000000005,11.41439219041918
2024-11-03 05:44:00,585.7167,543.0,45.32781,-42.716699999999946,12.921792841570584
2024-11-03 06:00:00,557.8485000000001,543.0,45.4026,-14.848500000000058,12.286705544020487
2024-11-03 06:14:00,534.3571499999999,543.0,45.46075,8.642850000000067,11.754250258904602
2024-11-03 06:30:00,531.0645,543.0,45.53638,11.935500000000047,11.662419880012445
2024-11-03 06:44:00,589.52355,543.0,45.3154,-46.52355,13.009339427801713
2024-11-03 06:58:00,561.3579,543.0,45.39259,-18.357899999999972,12.366727175795173
2024-11-03 07:14:00,541.30125,543.0,45.44843,1.6987500000000182,11.91022728172848
2024-11-03 07:30:00,534.99135,543.0,45.47672,8.008649999999989,11.764068128909004
2024-11-03 07:44:00,571.4022,543.0,45.33365,-28.402199999999993,12.604369468514124
2024-11-03 08:00:00,556.68495,543.0,45.4007,-13.684949999999958,12.261591283484332
2024-11-03 08:16:00,543.6246,543.0,45.44448,-0.6245999999999867,11.962387519367034
2024-11-03 08:30:00,546.91455,543.0,45.44075,-3.914549999999963,12.035770308419135
2024-11-03 08:44:00,555.4002,543.0,45.40921,-12.40020000000004,12.231000664622735
2024-11-03 08:58:00,570.1203,543.0,45.10887,-27.120300000000043,12.638759818465898
2024-11-03 09:14:00,561.5613,543.0,45.11847,-18.56129999999996,12.44637009048177
2024-11-03 09:30:00,543.1306500000001,543.0,45.17143,-0.13065000000005966,12.023762138200597
2024-11-03 09:44:00,546.5459999999999,543.0,45.16,-3.5459999999999354,12.102433103978496
2024-11-03 10:00:00,519.6225000000001,543.0,45.2325,23.37749999999994,11.487810426615724
2024-11-03 10:16:00,554.66355,543.0,45.13925,-11.663549999999987,12.287829928979784
2024-11-03 10:30:00,531.1629,543.0,45.20107,11.837099999999964,11.751110814166386
2024-11-03 10:44:00,518.9598000000001,543.0,45.23412,24.040199999999913,11.472748563971498
2024-11-03 10:58:00,517.3344,543.0,45.24451,25.66560000000004,11.434189157051504
2024-11-03 11:14:00,519.0168,543.0,45.24604,23.98320000000001,11.470985865064463
2024-11-03 11:30:00,564.4935,543.0,45.11248,-21.49350000000004,12.513020230095924
2024-11-03 11:44:00,540.0471,543.0,45.17698,2.9528999999999996,11.954030137908699
2024-11-03 12:00:00,524.14995,543.0,45.22112,18.85005000000001,11.590819380232205
2024-11-03 12:16:00,522.77955,543.0,45.22491,20.220450000000028,11.559546152873237
2024-11-03 12:28:00,559.5627000000001,543.0,45.12011,-16.562700000000063,12.40162260206755
2024-11-03 12:44:00,544.91715,543.0,45.16753,-1.9171499999999924,12.064353073025451
2024-11-03 13:00:00,522.22695,543.0,45.22787,20.773050000000012,11.546571495281228
2024-11-03 13:14:00,521.2599,543.0,45.22885,21.740099999999984,11.524940049340177
2024-11-03 13:30:00,518.49555,543.0,45.23884,24.50445000000002,11.461289356382842
2024-11-03 13:44:00,560.9068500000001,543.0,45.11899,-17.906850000000077,12.431721669363242
2024-11-03 14:00:00,542.3235,543.0,45.17493,0.6765000000000327,12.00496337128505
2024-11-03 14:14:00,527.44455,543.0,45.2101,15.55544999999995,11.666517732427549
2024-11-03 14:28:00,522.6012000000001,543.0,45.22361,20.398799999999937,11.55593470845545
2024-11-03 14:44:00,538.7664,543.0,45.18758,4.233600000000024,11.922884136994249
2024-11-03 15:00:00,536.61825,543.0,45.18509,6.381750000000011,11.876000053114852
2024-11-03 15:14:00,524.2167,543.0,45.22223,18.783300000000054,11.592010922059586
2024-11-03 15:30:00,512.3430000000001,543.0,45.2546,30.656999999999925,11.321343836572671
2024-11-03 15:46:00,497.75700000000006,543.0,45.90023,45.24299999999994,10.844322382628064
2024-11-03 16:00:00,496.20435,543.0,46.9798,46.79565000000002,10.562076560122316
2024-11-03 16:14:00,530.4126,543.0,47.1743,12.587400000000002,11.243674788248093
2024-11-03 16:28:00,518.8506,543.0,47.19814,24.149400000000014,10.993028328440838
2024-11-03 16:44:00,505.70025,543.0,47.26424,37.29975000000002,10.699423983243147
2024-11-03 17:00:00,500.4009,543.0,47.52187,42.59910000000002,10.529905382531162
2024-11-03 17:14:00,488.8578,543.0,47.80735,54.1422,10.225576145597664
2024-11-03 17:30:00,547.63755,543.0,47.94075,-4.637550000000033,11.423213774666902
2024-11-03 17:46:00,532.3408499999999,543.0,47.98154,10.659150000000068,11.094698899889643
2024-11-03 17:58:00,516.8068499999999,543.0,48.02772,26.19315000000006,10.760592890815365
2024-11-03 18:14:00,497.56995,543.0,48.34171,45.430049999999994,10.292764717515222
2024-11-03 18:28:00,505.4586,543.0,48.59604,37.54140000000001,10.401228083352452
2024-11-03 18:44:00,548.3124,543.0,48.48431,-5.312400000000025,11.309066518825055
2024-11-03 19:00:00,532.50135,543.0,48.52655,10.498649999999998,10.97339992779212
2024-11-03 19:14:00,518.26845,543.0,48.5619,24.73154999999997,10.67232425577989
2024-11-03 19:30:00,515.5797,543.0,48.56906,27.420299999999997,10.615391647400289
2024-11-03 19:46:00,504.85709999999995,543.0,48.59532,38.142900000000054,10.389004457835762
2024-11-03 19:58:00,561.8703,543.0,48.44236,-18.870300000000043,11.598736808294062
2024-11-03 20:14:00,536.87775,543.0,48.5289,6.122250000000008,11.063049839775918
2024-11-03 20:30:00,530.30325,543.0,48.53143,12.696749999999952,10.927004226538507
2024-11-03 20:44:00,528.14445,543.0,48.50299,14.855549999999994,10.888902748283611
2024-11-03 21:00:00,534.6026999999999,543.0,48.52103,8.397300000000087,11.017956333994487
2024-11-03 21:14:00,555.1104,543.0,48.46711,-12.110400000000027,11.453339913739459
2024-11-03 21:30:00,552.0495000000001,543.0,48.47992,-9.04950000000008,11.387176095345023
2024-11-03 21:44:00,542.04045,543.0,48.50512,0.9595500000000357,11.174909746659786
2024-11-03 21:58:00,536.2068,543.0,48.51185,6.793199999999956,11.053107425689305
2024-11-03 22:14:00,584.32335,543.0,48.38885,-41.323350000000005,12.075575866015443
2024-11-03 22:30:00,564.80535,543.0,48.43473,-21.805349999999976,11.661162008921695
2024-11-03 22:44:00,551.2857,543.0,48.47052,-8.28570000000002,11.373626407633669
2024-11-03 23:00:00,535.2543000000001,543.0,48.50866,7.7456999999999425,11.034198628822436
2024-11-03 23:16:00,563.7723000000001,543.0,48.44466,-20.772300000000087,11.637447421976454
2024-11-03 23:30:00,567.93975,543.0,48.43311,-24.939750000000004,11.72626809918502
2024-11-03 23:44:00,561.00645,543.0,48.46515,-18.006449999999973,11.575458535574832
2024-11-03 23:58:00,544.85625,543.0,48.48067,-1.8562500000000455,11.238626397154494
2024-11-04 00:14:00,539.5203,543.0,48.50217,3.47969999999998,11.12362990694439
2024-11-04 00:30:00,596.784,543.0,48.35249,-53.78399999999999,12.342360787963392
2024-11-04 00:44:00,567.38595,543.0,48.41474,-24.38594999999998,11.719278732204543
2024-11-04 01:00:00,561.9126,543.0,48.44249,-18.912599999999998,11.599578882179904
2024-11-04 01:16:00,569.5119,543.0,48.41862,-26.51189999999997,11.76224730026438
2024-11-04 01:28:00,557.5477500000001,543.0,48.44144,-14.547750000000065,11.509724626327246
2024-11-04 01:44:00,584.1561,543.0,48.37926,-41.15610000000004,12.07451249264406
2024-11-04 01:58:00,563.2426499999999,543.0,48.44101,-20.242649999999912,11.627390381127398
2024-11-04 02:14:00,551.2412999999999,543.0,48.47587,-8.24129999999991,11.371455247434392
2024-11-04 02:30:00,543.4281,543.0,48.49706,-0.42809999999997217,11.205380036360959
2024-11-04 02:44:00,533.8845,543.0,48.51442,9.115499999999997,11.00465366696053
2024-11-04 03:00:00,576.83265,543.0,45.24881,-33.832649999999944,12.7480153073605
2024-11-04 03:16:00,556.1961,543.0,45.30029,-13.196100000000001,12.277978291534493
2024-11-04 03:28:00,545.4925499999999,543.0,45.33076,-2.4925499999999374,12.033604326597583
2024-11-04 03:44:00,531.6552,543.0,45.36765,11.344799999999964,11.718814679884305
2024-11-04 04:00:00,517.7647499999999,543.0,45.40186,25.235250000000065,11.404040186009958
2024-11-04 04:14:00,570.3326999999999,543.0,45.26251,-27.33269999999993,12.60055118451204
2024-11-04 04:30:00,552.11595,543.0,45.31102,-9.115949999999998,12.185023161027237
2024-11-04 04:44:00,544.66305,543.0,45.32977,-1.6630499999999984,12.015567911425997
2024-11-04 05:00:00,532.62255,543.0,45.37751,10.377449999999953,11.737586143976136
2024-11-04 05:14:00,513.7419,543.0,45.41756,29.258100000000013,11.311523271720612
2024-11-04 05:28:00,571.7592,543.0,45.25517,-28.759199999999964,12.634116138749198
2024-11-04 05:44:00,555.9066,543.0,45.3014,-12.906600000000026,12.271286920208443
2024-11-04 06:00:00,553.9974,543.0,45.30816,-10.99739999999997,12.227317942878733
2024-11-04 06:14:00,539.79615,543.0,45.3447,3.2038499999999885,11.904280565472796
2024-11-04 06:30:00,527.1107999999999,543.0,45.3951,15.889200000000073,11.61162072302501
2024-11-04 06:46:00,588.70065,543.0,45.21645,-45.700649999999996,13.01960945195621
2024-11-04 07:00:00,563.6433,543.0,45.28114,-20.643299999999954,12.447636599335484
2024-11-04 07:16:00,562.3632,543.0,45.28387,-19.363200000000006,12.418617839284089
2024-11-04 07:28:00,550.80135,543.0,45.31602,-7.801349999999957,12.154669109363725
2024-11-04 07:44:00,527.6949,543.0,45.39014,15.305100000000039,11.625758011374712
2024-11-04 08:00:00,587.9343,543.0,45.21858,-44.93430000000001,13.00204849377214
2024-11-04 08:14:00,567.7117499999999,543.0,45.2751,-24.711749999999938,12.539157828661263
2024-11-04 08:30:00,539.1461999999999,543.0,45.34265,3.853800000000092,11.890484590008612
2024-11-04 08:46:00,515.0935499999999,543.0,45.40733,27.906450000000063,11.343838903578142
2024-11-04 08:58:00,476.38005,543.0,45.76357,66.61995000000002,10.40958880402276
2024-11-04 09:14:00,510.11085,543.0,50.4033,32.88914999999997,10.120582358579227
2024-11-04 09:28:00,496.78365,543.0,50.43511,46.21634999999998,9.849954753750957
2024-11-04 09:44:00,507.57915,543.0,50.72245,35.42084999999997,10.006990000090688
2024-11-04 10:00:00,505.88805,543.0,51.02652,37.11194999999998,9.914216193027432
2024-11-04 10:14:00,611.36115,543.0,48.7542,-68.36114999999995,12.53965862640375
2024-11-04 10:30:00,564.3642,543.0,45.10574,-21.364199999999983,12.51202341164929
2024-11-04 10:46:00,550.2843,543.0,45.14709,-7.28430000000003,12.188696505423383
2024-11-04 10:58:00,533.3601,543.0,45.19249,9.639900000000011,11.801960502295733
2024-11-04 11:14:00,540.56385,543.0,45.17329,2.436149999999998,11.966445887282973
2024-11-04 11:30:00,540.57285,543.0,45.17775,2.4271499999999833,11.965463759159373
2024-11-04 11:44:00,563.6365499999999,543.0,45.11083,-20.636549999999943,12.49448137077474
2024-11-04 12:00:00,529.53075,543.0,45.20321,13.469249999999988,11.714447554842332
2024-11-04 12:14:00,526.57365,543.0,45.21619,16.426349999999957,11.645685617101837
2024-11-04 12:30:00,520.9857,543.0,45.21997,22.01430000000005,11.52113954937618
2024-11-04 12:44:00,521.27715,543.0,45.22414,21.722849999999994,11.526521780951107
2024-11-04 12:58:00,547.4149500000001,543.0,45.1476,-4.41495000000009,12.125003959235054
2024-11-04 13:14:00,528.98685,543.0,45.21089,14.013149999999996,11.70042733057736
2024-11-04 13:30:00,527.2030500000001,543.0,45.21436,15.796949999999924,11.660077316127595
2024-11-04 13:44:00,514.94625,543.0,45.24397,28.053750000000036,11.381541809540185
2024-11-04 14:00:00,510.7053,543.0,45.25291,32.29469999999998,11.285576709746023
2024-11-04 14:16:00,555.07185,543.0,45.13929,-12.07185000000004,12.296864373173708
2024-11-04 14:30:00,531.0708,543.0,45.19434,11.929200000000037,11.750822835155278
2024-11-04 14:44:00,528.15855,543.0,45.21165,14.841450000000009,11.681910153265772
2024-11-04 14:58:00,521.6349,543.0,45.21252,21.365099999999984,11.537396823402716
2024-11-04 15:14:00,521.5425,543.0,45.21947,21.457499999999982,11.533580218083003
2024-11-04 15:30:00,550.9512,543.0,45.14441,-7.951199999999972,12.204192677633248
2024-11-04 15:44:00,542.31825,543.0,45.16341,0.6817499999999654,12.007909277021094
2024-11-04 16:00:00,528.3281999999999,543.0,45.21901,14.671800000000076,11.683760506087923
2024-11-04 16:16:00,523.3563,543.0,45.22744,19.643699999999967,11.571651729204277
2024-11-04 16:28:00,537.32325,543.0,45.18265,5.67674999999997,11.89224472397154
2024-11-04 16:44:00,540.45135,543.0,45.17131,2.5486499999999523,11.964479895650603
2024-11-04 16:58:00,532.96635,543.0,45.18427,10.033649999999966,11.79539322082813
2024-11-04 17:14:00,529.0275,543.0,45.20543,13.972499999999968,11.7027397587547
2024-11-04 17:30:00,515.9037,543.0,45.23374,27.096300000000042,11.40528256003537
2024-11-04 17:44:00,493.59495,543.0,45.25274,49.40505000000002,10.907512803089313
2024-11-04 18:00:00,567.53925,543.0,45.09518,-24.539250000000038,12.585361099487551
2024-11-04 18:16:00,546.09915,543.0,45.15347,-3.0991500000000087,12.094287084849274
2024-11-04 18:28:00,533.0379,543.0,45.20422,9.962099999999964,11.791770371932007
2024-11-04 18:44:00,523.5846,543.0,45.20886,19.415399999999977,11.581457355603003
2024-11-04 19:00:00,515.3565000000001,543.0,45.29563,27.643499999999904,11.377618243168659
2024-11-04 19:14:00,583.25295,543.0,45.08025,-40.252950000000055,12.938100845026183
2024-11-04 19:30:00,551.12355,543.0,45.14512,-8.123550000000023,12.207818429141748
2024-11-04 19:44:00,550.28505,543.0,45.14655,-7.285049999999956,12.18885890752252
2024-11-04 20:00:00,530.2982999999999,543.0,45.20064,12.701700000000073,11.732094560587068
2024-11-04 20:14:00,518.63625,543.0,45.23117,24.363749999999982,11.466343570961447
2024-11-04 20:28:00,589.72545,543.0,45.04521,-46.72545000000002,13.091854141238516
2024-11-04 20:44:00,562.4709,543.0,45.11764,-19.47090000000003,12.466759682740568
2024-11-04 21:00:00,559.47705,543.0,45.12328,-16.477049999999963,12.398853230781707
2024-11-04 21:14:00,540.40245,543.0,45.20755,2.5975499999999556,11.953807062358598
2024-11-04 21:30:00,530.1234,543.0,45.20028,12.876600000000053,11.728318557248192
2024-11-04 21:46:00,576.01125,543.0,44.80495,-33.01125000000002,12.855970633608422
2024-11-04 22:00:00,489.81315,543.0,45.03023,53.18684999999999,10.877427035698675
2024-11-04 22:14:00,507.7683,543.0,50.65321,35.23169999999999,10.024403187003708
2024-11-04 22:28:00,505.84005,543.0,51.25191,37.15994999999998,9.869680004183257
2024-11-04 22:44:00,503.16975,543.0,51.84295,39.83024999999998,9.70565241645153
2024-11-04 23:00:00,538.332,543.0,51.7461,4.668000000000006,10.403332733610313
2024-11-04 23:14:00,547.86165,543.0,51.72191,-4.861650000000054,10.592446104088944
2024-11-04 23:30:00,555.7941000000001,543.0,51.70028,-12.794100000000071,10.750309137530952
2024-11-04 23:46:00,533.712,543.0,51.76292,9.288000000000011,10.310699181827612
2024-11-04 23:58:00,517.0905,543.0,51.79668,25.90949999999998,9.983079999899607
2024-11-05 00:14:00,551.1549,543.0,51.71643,-8.154899999999998,10.65724748261868
2024-11-05 00:28:00,523.24605,543.0,46.74237,19.75395000000003,11.194253480460343
2024-11-05 00:44:00,482.08395,543.0,47.69152,60.916049999999984,10.108376686594035
2024-11-05 01:00:00,505.6752,543.0,52.89703,37.32479999999998,9.559612409314395
2024-11-05 01:14:00,568.78305,543.0,52.72753,-25.783050000000003,10.787210061383481
2024-11-05 01:30:00,583.9097999999999,543.0,52.68908,-40.909799999999905,11.08217659481308
2024-11-05 01:46:00,594.2727,543.0,46.93943,-51.272699999999986,12.660413076934875
2024-11-05 01:58:00,560.91975,543.0,45.66235,-17.919750000000022,12.284072702330759
2024-11-05 02:14:00,555.5745,543.0,45.68824,-12.574499999999944,12.160117754564903
2024-11-05 02:30:00,539.5582499999999,543.0,45.73547,3.44175000000007,11.797367164398404
2024-11-05 02:44:00,528.7377,543.0,45.74623,14.262299999999982,11.558058104884687
2024-11-05 03:00:00,528.399,543.0,45.7575,14.600999999999999,11.54780931042795
2024-11-05 03:14:00,585.7534499999999,543.0,45.61111,-42.75344999999993,12.842338666535703
2024-11-05 03:30:00,549.94245,543.0,45.43287,-6.942450000000008,12.104503390496046
2024-11-05 03:44:00,534.4150500000001,543.0,45.47546,8.584949999999935,11.751721312610954
2024-11-05 03:58:00,518.61075,543.0,45.51014,24.389249999999947,11.39549638926701
2024-11-05 04:14:00,506.5146,543.0,45.53544,36.48540000000003,11.123522442404763
2024-11-05 04:30:00,498.28485,543.0,45.85441,44.715149999999994,10.866669996044001
2024-11-05 04:44:00,546.8034,543.0,45.72582,-3.8034000000000106,11.958304529409308
2024-11-05 05:00:00,530.63055,543.0,45.76952,12.369450000000029,11.593532859087693
2024-11-05 05:16:00,519.28545,543.0,45.80178,23.71455000000003,11.337667152309985
2024-11-05 05:30:00,503.05395,543.0,45.84323,39.946050000000014,10.973350705578401
2024-11-05 05:44:00,495.6801,543.0,48.12525,47.31990000000002,10.299790588144354
2024-11-05 06:00:00,488.36625,543.0,50.5652,54.63375000000002,9.658147370494456
2024-11-05 06:14:00,588.21375,543.0,47.30533,-45.213750000000005,12.434404868456712
2024-11-05 06:30:00,544.79745,543.0,47.41785,-1.7974500000000262,11.489288002453083
2024-11-05 06:44:00,517.77855,543.0,47.46509,25.221450000000004,10.908616014713969
2024-11-05 07:00:00,512.23125,543.0,47.49937,30.768749999999955,10.783956548485476
2024-11-05 07:16:00,506.30445,543.0,47.5257,36.695550000000026,10.653274827456547
2024-11-05 07:28:00,511.42935,543.0,47.50406,31.57065,10.766011207039732
2024-11-05 07:44:00,557.16135,543.0,47.37489,-14.16134999999997,11.760686566093014
2024-11-05 07:58:00,536.11305,543.0,47.43889,6.886949999999956,11.301127344858333
2024-11-05 08:14:00,520.4514,543.0,47.48595,22.548599999999965,10.960111157066214
2024-11-05 08:30:00,507.80505,543.0,47.5148,35.194950000000006,10.687300443798469
2024-11-05 08:44:00,495.7305,543.0,48.37986,47.269499999999994,10.246627367952827
2024-11-05 09:00:00,576.6171,543.0,48.74702,-33.61710000000005,11.828763721605194
2024-11-05 09:16:00,532.6251,543.0,48.85725,10.374900000000025,10.901657194857016
2024-11-05 09:28:00,524.44455,543.0,48.87698,18.55544999999995,10.729886394395399
2024-11-05 09:44:00,490.25805,543.0,48.96925,52.741949999999974,10.011547039918511
2024-11-05 10:00:00,518.08785,543.0,51.42574,24.912149999999997,10.07448311400417
2024-11-05 10:14:00,541.93245,543.0,51.36011,1.067549999999983,10.55161962238406
2024-11-05 10:30:00,544.9845,543.0,46.46827,-1.9845000000000255,11.728097101937063
2024-11-05 10:44:00,536.51445,543.0,46.48176,6.485549999999989,11.542470306100649
2024-11-05 11:00:00,509.4177,543.0,46.56682,33.582299999999975,10.939497062608728
2024-11-05 11:14:00,494.7261,543.0,47.46842,48.273900000000026,10.422213247836508
2024-11-05 11:28:00,496.7025,543.0,49.16146,46.297500000000014,10.103491616503737
2024-11-05 11:44:00,560.58045,543.0,48.97578,-17.58045000000004,11.446072641196803
2024-11-05 12:00:00,531.96525,543.0,49.05726,11.034750000000031,10.843759752631973
2024-11-05 12:14:00,501.69375,543.0,49.16751,41.30624999999998,10.203763582137151
2024-11-05 12:30:00,507.91545,543.0,51.7087,35.08454999999998,9.822628528153187
2024-11-05 12:46:00,499.7361,543.0,51.72898,43.26389999999998,9.660658365840895
2024-11-05 13:00:00,509.02815,543.0,51.70854,33.97185000000002,9.844177606991494
2024-11-05 13:14:00,571.8864000000001,543.0,46.189,-28.886400000000094,12.381438788144626
2024-11-05 13:28:00,538.4229,543.0,46.27826,4.577099999999973,11.634464728262314
2024-11-05 13:44:00,538.5038999999999,543.0,46.26464,4.4961000000000695,11.63964063275092
2024-11-05 14:00:00,567.0213,543.0,46.20691,-24.021299999999997,12.271350265284939
2024-11-05 14:14:00,565.4301,543.0,46.20626,-22.43010000000004,12.237086005860244
2024-11-05 14:30:00,541.74795,543.0,46.25358,1.2520500000000538,11.712560041285442
2024-11-05 14:46:00,568.36425,543.0,46.20096,-25.36424999999997,12.301998204799593
2024-11-05 15:00:00,547.0074,543.0,45.62559,-4.007399999999961,11.989045623509606
2024-11-05 15:16:00,538.1979,543.0,45.71019,4.802099999999996,11.774131375491685
2024-11-05 15:28:00,525.9393,543.0,45.74765,17.060699999999997,11.496529002794896
2024-11-05 15:44:00,516.7218,543.0,45.77237,26.27819999999997,11.288943244812701
2024-11-05 16:00:00,509.32605,543.0,45.7809,33.67394999999999,11.12529327180259
2024-11-05 16:14:00,559.7631,543.0,45.6432,-16.76310000000001,12.26388547168352
2024-11-05 16:30:00,566.5311,543.0,45.63013,-23.531100000000038,12.415721275455214
2024-11-05 16:46:00,541.4630999999999,543.0,45.69388,1.5369000000000597,11.849792171338441
2024-11-05 16:58:00,535.8927,543.0,45.73134,7.107300000000009,11.718278598816784
2024-11-05 17:14:00,521.62815,543.0,45.75709,21.371849999999995,11.399939025856096
2024-11-05 17:30:00,523.76775,543.0,45.75425,19.232250000000022,11.447409487116609
2024-11-05 17:44:00,594.6339,543.0,45.5642,-51.63390000000004,13.050459999196738
2024-11-05 18:00:00,569.30745,543.0,45.62572,-26.307450000000017,12.477771862499514
2024-11-05 18:14:00,557.4792,543.0,45.65442,-14.479199999999992,12.210845694492296
2024-11-05 18:30:00,535.7988,543.0,45.71303,7.201199999999972,11.72091814501945
2024-11-05 18:46:00,532.00185,543.0,45.72382,10.99815000000001,11.635111275673975
2024-11-05 18:58:00,578.9226,543.0,45.33006,-35.92259999999999,12.771270814274056
2024-11-05 19:14:00,549.4842,543.0,45.40885,-6.484199999999987,12.100814686825434
2024-11-05 19:30:00,541.05105,543.0,45.4326,1.948949999999968,11.908870082524425
2024-11-05 19:44:00,527.91315,543.0,45.46043,15.086850000000027,11.612583380187255
2024-11-05 20:00:00,515.8182,543.0,45.48954,27.181799999999953,11.339268029690336
2024-11-05 20:16:00,563.5752,543.0,45.36349,-20.575199999999995,12.423538748112469
2024-11-05 20:30:00,555.17415,543.0,45.3894,-12.174150000000054,12.231358592235502
2024-11-05 20:44:00,551.76585,543.0,45.40242,-8.76585,12.152782351076803
2024-11-05 20:58:00,538.76145,543.0,45.43536,4.238550000000032,11.857754212191953
2024-11-05 21:14:00,529.37955,543.0,45.46115,13.620450000000005,11.644655569721492
2024-11-05 21:30:00,582.1764,543.0,45.33398,-39.176399999999944,12.841940451303756
2024-11-05 21:44:00,562.7198999999999,543.0,45.10762,-19.71989999999994,12.475049121401412
2024-11-05 22:00:00,561.34215,543.0,45.11205,-18.342149999999947,12.443283459012953
2024-11-05 22:16:00,544.8819,543.0,45.15137,-1.8818999999999733,12.067890283752122
2024-11-05 22:28:00,529.8051,543.0,45.19426,13.194899999999961,11.72283787303125
2024-11-05 22:44:00,532.1361,543.0,45.18253,10.863899999999944,11.777472005779224
2024-11-05 22:58:00,571.3755,543.0,45.0914,-28.375499999999988,12.671493306596533
2024-11-05 23:14:00,554.8090500000001,543.0,45.12763,-11.80905000000007,12.294218133277077
2024-11-05 23:30:00,540.7117499999999,543.0,45.16295,2.288250000000062,11.9724603967499
2024-11-05 23:44:00,528.8358000000001,543.0,45.19524,14.164199999999937,11.701136734501967
2024-11-06 00:00:00,514.0614,543.0,45.23442,28.93859999999995,11.364383280611694
2024-11-06 00:16:00,593.5813499999999,543.0,45.01995,-50.58134999999993,13.184848453885785
2024-11-06 00:28:00,565.09995,543.0,45.09275,-22.099950000000035,12.531944152453741
2024-11-06 00:44:00,552.87405,543.0,45.12908,-9.874050000000011,12.250946119232626
2024-11-06 01:00:00,531.97605,543.0,45.19029,11.023950000000013,11.771907909440742
2024-11-06 01:14:00,514.0851,543.0,45.2338,28.91489999999999,11.36506299159854
2024-11-06 01:30:00,556.75665,543.0,45.12001,-13.756650000000036,12.339459291019818
2024-11-06 01:46:00,555.2241,543.0,45.12569,-12.224100000000021,12.303944315545243
2024-11-06 02:00:00,548.6172,543.0,45.13665,-5.617200000000025,12.154581220675166
2024-11-06 02:14:00,529.65285,543.0,45.1855,13.347150000000056,11.721741106828272
2024-11-06 02:28:00,509.46915,543.0,45.24191,33.53084999999999,11.260997543870817
2024-11-06 02:44:00,513.51585,543.0,45.23856,29.48415,11.35128387126295
2024-11-06 03:00:00,568.5963,543.0,45.09717,-25.596300000000042,12.608245127522387
2024-11-06 03:14:00,563.05035,543.0,45.10263,-20.05034999999998,12.483755939785341
2024-11-06 03:30:00,541.5393,543.0,45.15476,1.4606999999999744,11.992958883413644
2024-11-06 03:46:00,524.793,543.0,45.20269,18.206999999999994,11.609771097744161
2024-11-06 04:00:00,518.82885,543.0,45.22796,24.17115000000001,11.471415807519106
2024-11-06 04:16:00,586.7943,543.0,45.0358,-43.79430000000002,13.0295047430034
2024-11-06 04:28:00,559.3513499999999,543.0,45.1159,-16.35134999999991,12.398095261738039
2024-11-06 04:44:00,551.72325,543.0,45.14228,-8.723250000000007,12.221871110216163
2024-11-06 05:00:00,543.28545,543.0,45.16341,-0.2854499999999689,12.02932483855297
2024-11-06 05:14:00,520.53225,543.0,45.22494,22.467750000000024,11.509846887614026
2024-11-06 05:30:00,551.8839,543.0,45.13626,-8.88390000000004,12.227060410618778
2024-11-06 05:46:00,541.11855,543.0,45.15998,1.8814499999999725,11.982255753378157
2024-11-06 05:58:00,555.4407,543.0,45.12351,-12.440699999999993,12.309338899092976
2024-11-06 06:14:00,548.0241,543.0,45.1433,-5.024099999999976,12.13965258639652
2024-11-06 06:28:00,535.332,543.0,45.17713,7.668000000000006,11.849621290767853
2024-11-06 06:44:00,526.49955,543.0,45.20167,16.50045,11.64778720613924
2024-11-06 07:00:00,555.27225,543.0,44.85177,-12.272249999999985,12.380160831966979
2024-11-06 07:14:00,546.92985,543.0,44.87458,-3.9298499999999876,12.187963165791597
2024-11-06 07:30:00,534.9811500000001,543.0,44.89987,8.01884999999993,11.914979505513156
2024-11-06 07:46:00,528.2679,543.0,44.93042,14.732099999999946,11.757463705555457
2024-11-06 07:58:00,515.65155,543.0,44.95837,27.348449999999957,11.469531375463262
2024-11-06 08:14:00,572.11155,543.0,44.80915,-29.111549999999966,12.767736552079974
2024-11-06 08:30:00,546.9543,543.0,44.87615,-3.9542999999999893,12.188081600564752
2024-11-06 08:44:00,531.96315,543.0,44.91201,11.036849999999959,11.844560765692568
2024-11-06 09:00:00,514.97925,543.0,44.95508,28.02075000000002,11.455415838339995
2024-11-06 09:16:00,481.1034,543.0,45.01269,61.89659999999998,10.688170227513568
2024-11-06 09:30:00,493.5438,543.0,48.73111,49.456200000000024,10.127897737626386
2024-11-06 09:44:00,523.9312500000001,543.0,48.65152,19.06874999999991,10.769060089168832
2024-11-06 09:58:00,513.9790499999999,543.0,48.67811,29.020950000000084,10.558728438978331
2024-11-06 10:14:00,504.72255,543.0,48.71041,38.27744999999999,10.361695711102469
2024-11-06 10:30:00,498.054,543.0,49.01683,44.946000000000026,10.160875323664275
2024-11-06 10:44:00,502.88925,543.0,50.19304,40.110749999999996,10.019101250073465
2024-11-06 11:00:00,507.77355,543.0,50.17548,35.22645,10.119951992496734
2024-11-06 11:16:00,555.4911,543.0,50.06322,-12.49109999999996,11.095790263632608
2024-11-06 11:30:00,536.90745,543.0,50.10088,6.09254999999996,10.716525195460601
2024-11-06 11:44:00,508.94685,543.0,50.15539,34.05315000000002,10.147398884267696
2024-11-06 11:58:00,513.7125000000001,543.0,50.17137,29.28749999999991,10.23915427480767
2024-11-06 12:14:00,500.65725,543.0,50.20618,42.342750000000024,9.972022374133546
2024-11-06 12:30:00,566.56545,543.0,50.30359,-23.565450000000055,11.262920546442004
2024-11-06 12:44:00,557.73585,543.0,45.35078,-14.735850000000028,12.298260956424354
2024-11-06 13:00:00,540.7072499999999,543.0,45.37217,2.292750000000069,11.91715385947953
2024-11-06 13:16:00,533.11515,543.0,45.42175,9.884850000000029,11.73699896261175
2024-11-06 13:28:00,521.7495,543.0,45.44294,21.250499999999988,11.481417909708766
2024-11-06 13:44:00,504.7476,543.0,45.48928,38.25240000000002,11.095965665764401
2024-11-06 14:00:00,535.47315,543.0,47.79459,7.526849999999968,11.203632837182443
2024-11-06 14:14:00,513.0038999999999,543.0,47.86526,29.99610000000007,10.717664394246599
2024-11-06 14:30:00,495.5244,543.0,48.76156,47.475599999999986,10.162191250199696
2024-11-06 14:44:00,504.4326,543.0,50.44069,38.56740000000002,10.000507526660018
2024-11-06 15:00:00,506.67779999999993,543.0,50.4441,36.322200000000066,10.044340161814727
2024-11-06 15:16:00,514.87905,543.0,50.69257,28.120949999999993,10.156891797576685
2024-11-06 15:28:00,599.51145,543.0,45.76852,-56.51144999999997,13.09877005007589
2024-11-06 15:44:00,552.67155,543.0,45.63081,-9.671550000000025,12.111804039462802
2024-11-06 16:00:00,534.3975,543.0,45.67953,8.602499999999964,11.698837159918861
2024-11-06 16:14:00,518.44425,543.0,45.7257,24.55574999999999,11.338134498075588
2024-11-06 16:30:00,493.2708,543.0,45.77748,49.72919999999999,10.775400748271695
2024-11-06 16:46:00,517.1754,543.0,45.73049,25.824600000000032,11.30920064289697
2024-11-06 17:00:00,569.88135,543.0,45.58488,-26.881349999999998,12.5015405324001
2024-11-06 17:14:00,558.9408000000001,543.0,45.61774,-15.940800000000081,12.252704265335314
2024-11-06 17:28:00,544.57875,543.0,45.65355,-1.5787500000000136,11.928505684989297
2024-11-06 17:44:00,528.65325,543.0,45.70501,14.346750000000043,11.566634255930747
2024-11-06 18:00:00,516.24015,543.0,45.73811,26.75985000000003,11.286868590138814
2024-11-06 18:14:00,596.63535,543.0,45.52562,-53.63535000000002,13.105482560043649
2024-11-06 18:30:00,561.8457000000001,543.0,45.60288,-18.84570000000008,12.320396799413372
2024-11-06 18:46:00,553.1985,543.0,45.63372,-10.198499999999967,12.122579065967212
2024-11-06 19:00:00,539.9503500000001,543.0,45.66027,3.0496499999999287,11.825384119414075
2024-11-06 19:14:00,536.22945,543.0,45.67638,6.770549999999957,11.739751105549278
2024-11-06 19:28:00,564.7473,543.0,45.59796,-21.747299999999996,12.385360576358991
2024-11-06 19:44:00,559.61595,543.0,45.33963,-16.615949999999998,12.342752390623303
2024-11-06 20:00:00,551.32185,543.0,45.35915,-8.32185000000004,12.154586857428576
2024-11-06 20:14:00,541.2636,543.0,45.39553,1.7364000000000033,11.92327704439687
2024-11-06 20:30:00,530.3157,543.0,45.42685,12.684300000000007,11.674055833927326
2024-11-06 20:46:00,522.9306,543.0,45.44226,20.069399999999973,11.50758093730793
2024-11-06 20:58:00,577.7808,543.0,45.30098,-34.7808,12.754264310779961
2024-11-06 21:14:00,557.6913,543.0,45.34092,-14.691299999999956,12.299952824081904
2024-11-06 21:30:00,548.9538,543.0,45.36869,-5.953800000000001,12.099835349040196
2024-11-06 21:44:00,533.96805,543.0,45.40352,9.031950000000052,11.760496375502079
2024-11-06 22:00:00,525.6437999999999,543.0,45.48108,17.356200000000058,11.557414301196385
2024-11-06 22:14:00,594.174,543.0,45.2364,-51.17399999999998,13.134861939751627
2024-11-06 22:30:00,569.0214,543.0,45.31518,-26.02139999999997,12.556968204259983
2024-11-06 22:44:00,563.26815,543.0,45.33645,-20.26814999999999,12.424175817873737
2024-11-06 22:58:00,550.26135,543.0,45.37138,-7.261349999999993,12.127936790122584
2024-11-06 23:14:00,532.84935,543.0,45.42212,10.150650000000041,11.731051582125275
2024-11-06 23:30:00,536.87325,543.0,45.40174,6.1267500000000155,11.82494617498224
2024-11-06 23:44:00,572.0524499999999,543.0,45.31229,-29.052449999999908,12.624661515747377
2024-11-07 00:00:00,561.4254,543.0,45.33952,-18.425399999999968,12.382691218898827
2024-11-07 00:16:00,549.0060000000001,543.0,45.3726,-6.0060000000000855,12.09994311546107
2024-11-07 00:30:00,535.5729,543.0,45.40844,7.427099999999996,11.79456466802985
2024-11-07 00:44:00,522.8457000000001,543.0,45.44235,20.15429999999992,11.50568984533374
2024-11-07 00:58:00,584.93475,543.0,45.00376,-41.93475000000001,12.997461101592155
2024-11-07 01:14:00,561.65745,543.0,45.06768,-18.65745000000004,12.462530251716917
2024-11-07 01:30:00,554.03025,543.0,45.08822,-11.030250000000024,12.287691266656509
2024-11-07 01:44:00,535.2843,543.0,45.14861,7.71569999999997,11.856050085251775
2024-11-07 02:00:00,530.90925,543.0,45.1526,12.090749999999957,11.75810767085225
2024-11-07 02:16:00,542.3951999999999,543.0,45.12118,0.6048000000000684,12.02085317342029
2024-11-07 02:30:00,562.5678,543.0,45.06117,-19.567800000000034,12.484533250127939
2024-11-07 02:44:00,543.15885,543.0,45.12076,-0.15885000000002947,12.037889645943542
2024-11-07 02:58:00,547.4139,543.0,45.10852,-4.413900000000012,12.13548523970965
2024-11-07 03:14:00,534.4872,543.0,45.14167,8.51279999999997,11.840215073962689
2024-11-07 03:30:00,525.7089,543.0,45.1583,17.29110000000003,11.641465324986696
2024-11-07 03:44:00,570.3633,543.0,44.76686,-27.36329999999998,12.740745555809461
2024-11-07 04:00:00,551.9031,543.0,44.82473,-8.903099999999995,12.312466285359378
2024-11-07 04:16:00,536.59695,543.0,44.86139,6.4030500000000075,11.961217215690993
2024-11-07 04:28:00,523.9286999999999,543.0,44.90178,19.071300000000065,11.668325472102557
2024-11-07 04:44:00,515.71695,543.0,44.92285,27.283050000000003,11.480056033832218
2024-11-07 05:00:00,543.77115,543.0,44.849,-0.7711500000000342,12.124485022077412
2024-11-07 05:14:00,551.1477,543.0,44.82679,-8.147699999999986,12.295048943935322
2024-11-07 05:30:00,541.35705,543.0,44.85284,1.6429500000000417,12.069624338252751
2024-11-07 05:44:00,536.3077499999999,543.0,44.86179,6.692250000000058,11.954664101752492
2024-11-07 06:00:00,526.197,543.0,44.8925,16.802999999999997,11.721264861332102
2024-11-07 06:16:00,512.09565,543.0,44.92604,30.904350000000022,11.398635090331776
2024-11-07 06:28:00,567.9198,543.0,44.79051,-24.91980000000001,12.679464315216702
2024-11-07 06:44:00,551.1087,543.0,44.82775,-8.108699999999999,12.293915645127036
2024-11-07 07:00:00,536.39235,543.0,44.86722,6.607650000000035,11.955102866836217
2024-11-07 07:14:00,521.562,543.0,44.91008,21.437999999999988,11.613470380486879
2024-11-07 07:30:00,507.26625,543.0,44.94053,35.733749999999986,11.28749788053281
2024-11-07 07:46:00,558.3936,543.0,44.81781,-15.393599999999992,12.459186993030896
2024-11-07 08:00:00,547.15095,543.0,44.84069,-4.150949999999966,12.202105453304696
2024-11-07 08:14:00,541.2273,543.0,44.85281,1.7726999999999862,12.066739616371947
2024-11-07 08:28:00,528.6381,543.0,44.88707,14.361899999999991,11.77706591740875
2024-11-07 08:44:00,512.57595,543.0,44.93064,30.424049999999966,11.408157905572255
2024-11-07 09:00:00,502.88834999999995,543.0,44.95529,40.111650000000054,11.186408499109113
2024-11-07 09:14:00,569.7528,543.0,44.77565,-26.75279999999998,12.72460975449608
2024-11-07 09:30:00,543.49815,543.0,44.84827,-0.49815000000000964,12.118595183583405
2024-11-07 09:46:00,528.2829,543.0,44.90211,14.71709999999996,11.76521064038847
2024-11-07 09:58:00,517.21635,543.0,44.91967,25.783649999999966,11.514248320557938
2024-11-07 10:14:00,504.8745,543.0,44.9489,38.12549999999999,11.23218560806035
2024-11-07 10:28:00,518.5434,543.0,44.91547,24.45659999999998,11.544870498990548
